[0;34m[INFO][0m Starting Modular Install Framework v1.0
[0;34m[INFO][0m Detecting Linux distribution...
[0;32m[OK][0m Detected: Arch (rolling)
[0;34m[INFO][0m Validating system requirements...
[0;34m[INFO][0m Checking dotfiles repository...
[0;32m[OK][0m Dotfiles repo found and valid
[0;34m[INFO][0m Fetching latest changes...
From https://github.com/RaviParvadiya/dotfiles
 * branch            master     -> FETCH_HEAD
Already up to date.
[0;32m[OK][0m Dotfiles repository updated to latest version
[0;34m[INFO][0m Starting installation process...
[0;34m[INFO][0m Opening component selection menu...
[0;34m[INFO][0m Loading component metadata from data/component-deps.json...
[0;32m[OK][0m Loaded 13 components from metadata
[H[J[3J=== Component Selection ===
Use arrow keys to navigate, space to toggle, enter to confirm:

[0;36m> [ ] alacritty - GPU-accelerated terminal emulator[0m
  [ ] docker - Containerization platform
  [ ] git - Distributed version control system
  [ ] hyprland - Wayland compositor with advanced features
  [ ] kitty - Fast, feature-rich terminal emulator
  [ ] languages - Common programming language runtimes
  [ ] neovim - Hyperextensible Vim-based text editor
  [ ] starship - Cross-shell prompt with customization
  [ ] swaync - Notification daemon for Wayland
  [ ] tmux - Terminal session manager
  [ ] waybar - Highly customizable Wayland bar
  [ ] wofi - Wayland-native application launcher
  [ ] zsh - Extended Bourne shell with improvements

Commands: [Space] Toggle | [Enter] Confirm | [q] Quit
[H[J[3J=== Component Selection ===
Use arrow keys to navigate, space to toggle, enter to confirm:

[0;36m> [x] alacritty - GPU-accelerated terminal emulator[0m
  [ ] docker - Containerization platform
  [ ] git - Distributed version control system
  [ ] hyprland - Wayland compositor with advanced features
  [ ] kitty - Fast, feature-rich terminal emulator
  [ ] languages - Common programming language runtimes
  [ ] neovim - Hyperextensible Vim-based text editor
  [ ] starship - Cross-shell prompt with customization
  [ ] swaync - Notification daemon for Wayland
  [ ] tmux - Terminal session manager
  [ ] waybar - Highly customizable Wayland bar
  [ ] wofi - Wayland-native application launcher
  [ ] zsh - Extended Bourne shell with improvements

Commands: [Space] Toggle | [Enter] Confirm | [q] Quit
[H[J[3J=== Component Selection ===
Use arrow keys to navigate, space to toggle, enter to confirm:

  [x] alacritty - GPU-accelerated terminal emulator
[0;36m> [ ] docker - Containerization platform[0m
  [ ] git - Distributed version control system
  [ ] hyprland - Wayland compositor with advanced features
  [ ] kitty - Fast, feature-rich terminal emulator
  [ ] languages - Common programming language runtimes
  [ ] neovim - Hyperextensible Vim-based text editor
  [ ] starship - Cross-shell prompt with customization
  [ ] swaync - Notification daemon for Wayland
  [ ] tmux - Terminal session manager
  [ ] waybar - Highly customizable Wayland bar
  [ ] wofi - Wayland-native application launcher
  [ ] zsh - Extended Bourne shell with improvements

Commands: [Space] Toggle | [Enter] Confirm | [q] Quit
[H[J[3J=== Component Selection ===
Use arrow keys to navigate, space to toggle, enter to confirm:

  [x] alacritty - GPU-accelerated terminal emulator
  [ ] docker - Containerization platform
[0;36m> [ ] git - Distributed version control system[0m
  [ ] hyprland - Wayland compositor with advanced features
  [ ] kitty - Fast, feature-rich terminal emulator
  [ ] languages - Common programming language runtimes
  [ ] neovim - Hyperextensible Vim-based text editor
  [ ] starship - Cross-shell prompt with customization
  [ ] swaync - Notification daemon for Wayland
  [ ] tmux - Terminal session manager
  [ ] waybar - Highly customizable Wayland bar
  [ ] wofi - Wayland-native application launcher
  [ ] zsh - Extended Bourne shell with improvements

Commands: [Space] Toggle | [Enter] Confirm | [q] Quit
[H[J[3J=== Component Selection ===
Use arrow keys to navigate, space to toggle, enter to confirm:

  [x] alacritty - GPU-accelerated terminal emulator
  [ ] docker - Containerization platform
  [ ] git - Distributed version control system
[0;36m> [ ] hyprland - Wayland compositor with advanced features[0m
  [ ] kitty - Fast, feature-rich terminal emulator
  [ ] languages - Common programming language runtimes
  [ ] neovim - Hyperextensible Vim-based text editor
  [ ] starship - Cross-shell prompt with customization
  [ ] swaync - Notification daemon for Wayland
  [ ] tmux - Terminal session manager
  [ ] waybar - Highly customizable Wayland bar
  [ ] wofi - Wayland-native application launcher
  [ ] zsh - Extended Bourne shell with improvements

Commands: [Space] Toggle | [Enter] Confirm | [q] Quit
[H[J[3J=== Component Selection ===
Use arrow keys to navigate, space to toggle, enter to confirm:

  [x] alacritty - GPU-accelerated terminal emulator
  [ ] docker - Containerization platform
  [ ] git - Distributed version control system
[0;36m> [x] hyprland - Wayland compositor with advanced features[0m
  [ ] kitty - Fast, feature-rich terminal emulator
  [ ] languages - Common programming language runtimes
  [ ] neovim - Hyperextensible Vim-based text editor
  [ ] starship - Cross-shell prompt with customization
  [ ] swaync - Notification daemon for Wayland
  [ ] tmux - Terminal session manager
  [ ] waybar - Highly customizable Wayland bar
  [ ] wofi - Wayland-native application launcher
  [ ] zsh - Extended Bourne shell with improvements

Commands: [Space] Toggle | [Enter] Confirm | [q] Quit
[H[J[3J=== Component Selection ===
Use arrow keys to navigate, space to toggle, enter to confirm:

  [x] alacritty - GPU-accelerated terminal emulator
  [ ] docker - Containerization platform
  [ ] git - Distributed version control system
  [x] hyprland - Wayland compositor with advanced features
[0;36m> [ ] kitty - Fast, feature-rich terminal emulator[0m
  [ ] languages - Common programming language runtimes
  [ ] neovim - Hyperextensible Vim-based text editor
  [ ] starship - Cross-shell prompt with customization
  [ ] swaync - Notification daemon for Wayland
  [ ] tmux - Terminal session manager
  [ ] waybar - Highly customizable Wayland bar
  [ ] wofi - Wayland-native application launcher
  [ ] zsh - Extended Bourne shell with improvements

Commands: [Space] Toggle | [Enter] Confirm | [q] Quit
[H[J[3J=== Component Selection ===
Use arrow keys to navigate, space to toggle, enter to confirm:

  [x] alacritty - GPU-accelerated terminal emulator
  [ ] docker - Containerization platform
  [ ] git - Distributed version control system
  [x] hyprland - Wayland compositor with advanced features
[0;36m> [x] kitty - Fast, feature-rich terminal emulator[0m
  [ ] languages - Common programming language runtimes
  [ ] neovim - Hyperextensible Vim-based text editor
  [ ] starship - Cross-shell prompt with customization
  [ ] swaync - Notification daemon for Wayland
  [ ] tmux - Terminal session manager
  [ ] waybar - Highly customizable Wayland bar
  [ ] wofi - Wayland-native application launcher
  [ ] zsh - Extended Bourne shell with improvements

Commands: [Space] Toggle | [Enter] Confirm | [q] Quit
[H[J[3J=== Component Selection ===
Use arrow keys to navigate, space to toggle, enter to confirm:

  [x] alacritty - GPU-accelerated terminal emulator
  [ ] docker - Containerization platform
  [ ] git - Distributed version control system
  [x] hyprland - Wayland compositor with advanced features
  [x] kitty - Fast, feature-rich terminal emulator
[0;36m> [ ] languages - Common programming language runtimes[0m
  [ ] neovim - Hyperextensible Vim-based text editor
  [ ] starship - Cross-shell prompt with customization
  [ ] swaync - Notification daemon for Wayland
  [ ] tmux - Terminal session manager
  [ ] waybar - Highly customizable Wayland bar
  [ ] wofi - Wayland-native application launcher
  [ ] zsh - Extended Bourne shell with improvements

Commands: [Space] Toggle | [Enter] Confirm | [q] Quit
[H[J[3J=== Component Selection ===
Use arrow keys to navigate, space to toggle, enter to confirm:

  [x] alacritty - GPU-accelerated terminal emulator
  [ ] docker - Containerization platform
  [ ] git - Distributed version control system
  [x] hyprland - Wayland compositor with advanced features
  [x] kitty - Fast, feature-rich terminal emulator
  [ ] languages - Common programming language runtimes
[0;36m> [ ] neovim - Hyperextensible Vim-based text editor[0m
  [ ] starship - Cross-shell prompt with customization
  [ ] swaync - Notification daemon for Wayland
  [ ] tmux - Terminal session manager
  [ ] waybar - Highly customizable Wayland bar
  [ ] wofi - Wayland-native application launcher
  [ ] zsh - Extended Bourne shell with improvements

Commands: [Space] Toggle | [Enter] Confirm | [q] Quit
[H[J[3J=== Component Selection ===
Use arrow keys to navigate, space to toggle, enter to confirm:

  [x] alacritty - GPU-accelerated terminal emulator
  [ ] docker - Containerization platform
  [ ] git - Distributed version control system
  [x] hyprland - Wayland compositor with advanced features
  [x] kitty - Fast, feature-rich terminal emulator
  [ ] languages - Common programming language runtimes
[0;36m> [x] neovim - Hyperextensible Vim-based text editor[0m
  [ ] starship - Cross-shell prompt with customization
  [ ] swaync - Notification daemon for Wayland
  [ ] tmux - Terminal session manager
  [ ] waybar - Highly customizable Wayland bar
  [ ] wofi - Wayland-native application launcher
  [ ] zsh - Extended Bourne shell with improvements

Commands: [Space] Toggle | [Enter] Confirm | [q] Quit
[H[J[3J=== Component Selection ===
Use arrow keys to navigate, space to toggle, enter to confirm:

  [x] alacritty - GPU-accelerated terminal emulator
  [ ] docker - Containerization platform
  [ ] git - Distributed version control system
  [x] hyprland - Wayland compositor with advanced features
  [x] kitty - Fast, feature-rich terminal emulator
  [ ] languages - Common programming language runtimes
  [x] neovim - Hyperextensible Vim-based text editor
[0;36m> [ ] starship - Cross-shell prompt with customization[0m
  [ ] swaync - Notification daemon for Wayland
  [ ] tmux - Terminal session manager
  [ ] waybar - Highly customizable Wayland bar
  [ ] wofi - Wayland-native application launcher
  [ ] zsh - Extended Bourne shell with improvements

Commands: [Space] Toggle | [Enter] Confirm | [q] Quit
[H[J[3J=== Component Selection ===
Use arrow keys to navigate, space to toggle, enter to confirm:

  [x] alacritty - GPU-accelerated terminal emulator
  [ ] docker - Containerization platform
  [ ] git - Distributed version control system
  [x] hyprland - Wayland compositor with advanced features
  [x] kitty - Fast, feature-rich terminal emulator
  [ ] languages - Common programming language runtimes
  [x] neovim - Hyperextensible Vim-based text editor
[0;36m> [x] starship - Cross-shell prompt with customization[0m
  [ ] swaync - Notification daemon for Wayland
  [ ] tmux - Terminal session manager
  [ ] waybar - Highly customizable Wayland bar
  [ ] wofi - Wayland-native application launcher
  [ ] zsh - Extended Bourne shell with improvements

Commands: [Space] Toggle | [Enter] Confirm | [q] Quit
[H[J[3J=== Component Selection ===
Use arrow keys to navigate, space to toggle, enter to confirm:

  [x] alacritty - GPU-accelerated terminal emulator
  [ ] docker - Containerization platform
  [ ] git - Distributed version control system
  [x] hyprland - Wayland compositor with advanced features
  [x] kitty - Fast, feature-rich terminal emulator
  [ ] languages - Common programming language runtimes
  [x] neovim - Hyperextensible Vim-based text editor
  [x] starship - Cross-shell prompt with customization
[0;36m> [ ] swaync - Notification daemon for Wayland[0m
  [ ] tmux - Terminal session manager
  [ ] waybar - Highly customizable Wayland bar
  [ ] wofi - Wayland-native application launcher
  [ ] zsh - Extended Bourne shell with improvements

Commands: [Space] Toggle | [Enter] Confirm | [q] Quit
[H[J[3J=== Component Selection ===
Use arrow keys to navigate, space to toggle, enter to confirm:

  [x] alacritty - GPU-accelerated terminal emulator
  [ ] docker - Containerization platform
  [ ] git - Distributed version control system
  [x] hyprland - Wayland compositor with advanced features
  [x] kitty - Fast, feature-rich terminal emulator
  [ ] languages - Common programming language runtimes
  [x] neovim - Hyperextensible Vim-based text editor
  [x] starship - Cross-shell prompt with customization
[0;36m> [x] swaync - Notification daemon for Wayland[0m
  [ ] tmux - Terminal session manager
  [ ] waybar - Highly customizable Wayland bar
  [ ] wofi - Wayland-native application launcher
  [ ] zsh - Extended Bourne shell with improvements

Commands: [Space] Toggle | [Enter] Confirm | [q] Quit
[H[J[3J=== Component Selection ===
Use arrow keys to navigate, space to toggle, enter to confirm:

  [x] alacritty - GPU-accelerated terminal emulator
  [ ] docker - Containerization platform
  [ ] git - Distributed version control system
  [x] hyprland - Wayland compositor with advanced features
  [x] kitty - Fast, feature-rich terminal emulator
  [ ] languages - Common programming language runtimes
  [x] neovim - Hyperextensible Vim-based text editor
  [x] starship - Cross-shell prompt with customization
  [x] swaync - Notification daemon for Wayland
[0;36m> [ ] tmux - Terminal session manager[0m
  [ ] waybar - Highly customizable Wayland bar
  [ ] wofi - Wayland-native application launcher
  [ ] zsh - Extended Bourne shell with improvements

Commands: [Space] Toggle | [Enter] Confirm | [q] Quit
[H[J[3J=== Component Selection ===
Use arrow keys to navigate, space to toggle, enter to confirm:

  [x] alacritty - GPU-accelerated terminal emulator
  [ ] docker - Containerization platform
  [ ] git - Distributed version control system
  [x] hyprland - Wayland compositor with advanced features
  [x] kitty - Fast, feature-rich terminal emulator
  [ ] languages - Common programming language runtimes
  [x] neovim - Hyperextensible Vim-based text editor
  [x] starship - Cross-shell prompt with customization
  [x] swaync - Notification daemon for Wayland
[0;36m> [x] tmux - Terminal session manager[0m
  [ ] waybar - Highly customizable Wayland bar
  [ ] wofi - Wayland-native application launcher
  [ ] zsh - Extended Bourne shell with improvements

Commands: [Space] Toggle | [Enter] Confirm | [q] Quit
[H[J[3J=== Component Selection ===
Use arrow keys to navigate, space to toggle, enter to confirm:

  [x] alacritty - GPU-accelerated terminal emulator
  [ ] docker - Containerization platform
  [ ] git - Distributed version control system
  [x] hyprland - Wayland compositor with advanced features
  [x] kitty - Fast, feature-rich terminal emulator
  [ ] languages - Common programming language runtimes
  [x] neovim - Hyperextensible Vim-based text editor
  [x] starship - Cross-shell prompt with customization
  [x] swaync - Notification daemon for Wayland
  [x] tmux - Terminal session manager
[0;36m> [ ] waybar - Highly customizable Wayland bar[0m
  [ ] wofi - Wayland-native application launcher
  [ ] zsh - Extended Bourne shell with improvements

Commands: [Space] Toggle | [Enter] Confirm | [q] Quit
[H[J[3J=== Component Selection ===
Use arrow keys to navigate, space to toggle, enter to confirm:

  [x] alacritty - GPU-accelerated terminal emulator
  [ ] docker - Containerization platform
  [ ] git - Distributed version control system
  [x] hyprland - Wayland compositor with advanced features
  [x] kitty - Fast, feature-rich terminal emulator
  [ ] languages - Common programming language runtimes
  [x] neovim - Hyperextensible Vim-based text editor
  [x] starship - Cross-shell prompt with customization
  [x] swaync - Notification daemon for Wayland
  [x] tmux - Terminal session manager
[0;36m> [x] waybar - Highly customizable Wayland bar[0m
  [ ] wofi - Wayland-native application launcher
  [ ] zsh - Extended Bourne shell with improvements

Commands: [Space] Toggle | [Enter] Confirm | [q] Quit
[H[J[3J=== Component Selection ===
Use arrow keys to navigate, space to toggle, enter to confirm:

  [x] alacritty - GPU-accelerated terminal emulator
  [ ] docker - Containerization platform
  [ ] git - Distributed version control system
  [x] hyprland - Wayland compositor with advanced features
  [x] kitty - Fast, feature-rich terminal emulator
  [ ] languages - Common programming language runtimes
  [x] neovim - Hyperextensible Vim-based text editor
  [x] starship - Cross-shell prompt with customization
  [x] swaync - Notification daemon for Wayland
  [x] tmux - Terminal session manager
  [x] waybar - Highly customizable Wayland bar
[0;36m> [ ] wofi - Wayland-native application launcher[0m
  [ ] zsh - Extended Bourne shell with improvements

Commands: [Space] Toggle | [Enter] Confirm | [q] Quit
[H[J[3J=== Component Selection ===
Use arrow keys to navigate, space to toggle, enter to confirm:

  [x] alacritty - GPU-accelerated terminal emulator
  [ ] docker - Containerization platform
  [ ] git - Distributed version control system
  [x] hyprland - Wayland compositor with advanced features
  [x] kitty - Fast, feature-rich terminal emulator
  [ ] languages - Common programming language runtimes
  [x] neovim - Hyperextensible Vim-based text editor
  [x] starship - Cross-shell prompt with customization
  [x] swaync - Notification daemon for Wayland
  [x] tmux - Terminal session manager
  [x] waybar - Highly customizable Wayland bar
[0;36m> [x] wofi - Wayland-native application launcher[0m
  [ ] zsh - Extended Bourne shell with improvements

Commands: [Space] Toggle | [Enter] Confirm | [q] Quit
[H[J[3J=== Component Selection ===
Use arrow keys to navigate, space to toggle, enter to confirm:

  [x] alacritty - GPU-accelerated terminal emulator
  [ ] docker - Containerization platform
  [ ] git - Distributed version control system
  [x] hyprland - Wayland compositor with advanced features
  [x] kitty - Fast, feature-rich terminal emulator
  [ ] languages - Common programming language runtimes
  [x] neovim - Hyperextensible Vim-based text editor
  [x] starship - Cross-shell prompt with customization
  [x] swaync - Notification daemon for Wayland
  [x] tmux - Terminal session manager
  [x] waybar - Highly customizable Wayland bar
  [x] wofi - Wayland-native application launcher
[0;36m> [ ] zsh - Extended Bourne shell with improvements[0m

Commands: [Space] Toggle | [Enter] Confirm | [q] Quit
[H[J[3J=== Component Selection ===
Use arrow keys to navigate, space to toggle, enter to confirm:

  [x] alacritty - GPU-accelerated terminal emulator
  [ ] docker - Containerization platform
  [ ] git - Distributed version control system
  [x] hyprland - Wayland compositor with advanced features
  [x] kitty - Fast, feature-rich terminal emulator
  [ ] languages - Common programming language runtimes
  [x] neovim - Hyperextensible Vim-based text editor
  [x] starship - Cross-shell prompt with customization
  [x] swaync - Notification daemon for Wayland
  [x] tmux - Terminal session manager
  [x] waybar - Highly customizable Wayland bar
  [x] wofi - Wayland-native application launcher
[0;36m> [x] zsh - Extended Bourne shell with improvements[0m

Commands: [Space] Toggle | [Enter] Confirm | [q] Quit
[0;34m[INFO][0m Resolving component dependencies...
[H[J[3J
[0;36m============================================================[0m
[0;36m                   Installation Summary                   [0m
[0;36m============================================================[0m

[0;34m[INFO][0m The following components will be installed:

Selected by you:
  [0;32m✓[0m alacritty - GPU-accelerated terminal emulator
  [0;32m✓[0m hyprland - Wayland compositor with advanced features
  [0;32m✓[0m kitty - Fast, feature-rich terminal emulator
  [0;32m✓[0m neovim - Hyperextensible Vim-based text editor
  [0;32m✓[0m starship - Cross-shell prompt with customization
  [0;32m✓[0m swaync - Notification daemon for Wayland
  [0;32m✓[0m tmux - Terminal session manager
  [0;32m✓[0m waybar - Highly customizable Wayland bar
  [0;32m✓[0m wofi - Wayland-native application launcher
  [0;32m✓[0m zsh - Extended Bourne shell with improvements

Total components: 10
Estimated installation time: 50 minutes
Proceed with installation? [Y/n]: [0;34m[INFO][0m Starting Arch Linux installation...
[0;34m[INFO][0m Starting Arch Linux installation process...
[0;34m[INFO][0m Updating Arch Linux system...
:: Synchronizing package databases...
 core downloading...
 extra downloading...
 multilib downloading...
:: Starting full system upgrade...
 there is nothing to do
[0;32m[OK][0m System updated successfully
[0;34m[INFO][0m Setting up Arch Linux repositories...
[0;34m[INFO][0m Enabling multilib repository...
[0;34m[INFO][0m Multilib repository already enabled
[0;34m[INFO][0m Chaotic-AUR setup is currently disabled
[0;34m[INFO][0m To enable: edit distros/arch/repositories.sh and remove the early return
[0;34m[INFO][0m Updating package database...
:: Synchronizing package databases...
 core downloading...
 extra downloading...
 multilib downloading...
[0;32m[OK][0m Package database updated
[0;32m[OK][0m Repository setup completed
[0;34m[INFO][0m AUR helper available: yay
[0;34m[INFO][0m Setting up Arch Linux system
[0;34m[INFO][0m Configuring pacman
[0;32m[OK][0m Pacman configured
[0;34m[INFO][0m Configuring makepkg
[0;32m[OK][0m Makepkg configured
[0;34m[INFO][0m Setting up reflector
[0;32m[OK][0m Reflector configured
[0;34m[INFO][0m Enabling SSD TRIM
[0;32m[OK][0m TRIM enabled
[0;32m[OK][0m System setup completed
Would you like to install gaming packages? [y/N]: [0;34m[INFO][0m Installing package set...
[0;34m[INFO][0m Auto-detected conditions: nvidia amd intel laptop
[0;34m[INFO][0m Installing base packages (conditions: nvidia amd intel laptop)
[0;34m[INFO][0m Installing from /home/exploiter/bootstrap/data/arch-packages.lst (pacman)
[0;35m[DEBUG][0m Package already installed: vim
[0;35m[DEBUG][0m Package already installed: nano
[0;35m[DEBUG][0m Package already installed: htop
[0;35m[DEBUG][0m Package already installed: pacman-contrib
[0;35m[DEBUG][0m Package already installed: reflector
[0;35m[DEBUG][0m Package already installed: python
[0;35m[DEBUG][0m Package already installed: go
[0;35m[DEBUG][0m Package already installed: binutils
[0;35m[DEBUG][0m Package already installed: pipewire
[0;35m[DEBUG][0m Package already installed: wireplumber
[0;35m[DEBUG][0m Package already installed: pipewire-audio
[0;35m[DEBUG][0m Package already installed: pipewire-pulse
[0;35m[DEBUG][0m Package already installed: bluez
[0;35m[DEBUG][0m Package already installed: bluez-utils
[0;34m[INFO][0m Installing 62 packages: btop tree inetutils cpio bat yazi tcpdump python-flake8 shellcheck gdb strace docker docker-compose shfmt lua-language-server emacs lazygit xclip xdg-desktop-portal xdg-desktop-portal-gtk xorg-server xorg-xinit brightnessctl pamixer swayosd nwg-look kvantum hyprlock hypridle xorg-xwayland hyprshot vlc imagemagick pipewire-alsa pipewire-jack network-manager-applet polkit-gnome firewalld blueman 7zip unrar earlyoom plocate gnome-tweaks ufw aria2 powertop lm_sensors vulkan-intel intel-media-driver libva-intel-driver dkms nvidia-dkms nvidia-utils nvidia-prime lib32-nvidia-utils nvidia-settings libva-nvidia-driver egl-wayland mesa lib32-mesa batsignal
resolving dependencies...
looking for conflicting packages...
warning: dependency cycle detected:
warning: librsvg will be installed before its gdk-pixbuf2 dependency
warning: dependency cycle detected:
warning: mesa will be installed before its libglvnd dependency
warning: dependency cycle detected:
warning: nvidia-utils will be installed before its libglvnd dependency
warning: dependency cycle detected:
warning: eglexternalplatform will be installed before its libglvnd dependency
warning: dependency cycle detected:
warning: lib32-nvidia-utils will be installed before its lib32-libglvnd dependency
warning: dependency cycle detected:
warning: lib32-mesa will be installed before its lib32-libglvnd dependency
warning: dependency cycle detected:
warning: lib32-keyutils will be installed before its lib32-krb5 dependency

Packages (406) a52dec-0.8.0-2  adwaita-cursors-49.0-1  adwaita-fonts-49.0-2  adwaita-icon-theme-49.0-1  adwaita-icon-theme-legacy-46.2-3  aom-3.13.1-1  appstream-1.1.1-1  at-spi2-core-2.58.1-1  boost-libs-1.89.0-1  bubblewrap-0.11.0-1  c-ares-1.34.5-1  cairo-1.18.4-1  containerd-2.1.4-1  dav1d-1.5.1-1  default-cursors-3-1  desktop-file-utils-0.28-1  double-conversion-3.3.1-1  egl-gbm-1.1.2.1-1  egl-x11-1.0.3-1  eglexternalplatform-1.2.1-1  faad2-2.11.2-1  fftw-3.3.10-7  fontconfig-2:2.17.1-1  freetype2-2.14.1-1  fribidi-1.0.16-2  fuse-common-3.17.1-1  fuse3-3.17.1-1  gcr-4-4.4.0.1-1  gd-2.3.3-9  gdb-common-16.3-1  gdk-pixbuf2-2.44.3-1  ghc-libs-9.4.8-1  giflib-5.2.2-2  glib-networking-1:2.80.1-1  glycin-2.0.4-1  gnome-desktop-4-1:44.4-1  gnome-desktop-common-1:44.4-1  gobject-introspection-runtime-1.86.0-1  gperftools-2.17.2-1  graphene-1.10.8-2  graphite-1:1.3.14-5  grim-1.5.0-2  gsettings-desktop-schemas-49.1-1  gsettings-system-schemas-49.1-1  gssdp-1.6.4-1  gst-plugins-bad-libs-1.26.7-1  gst-plugins-base-libs-1.26.7-1  gstreamer-1.26.7-1  gtk-update-icon-cache-1:4.20.2-3  gtk3-1:3.24.51-1  gtk4-1:4.20.2-3  gtk4-layer-shell-1.2.0-1  gupnp-1:1.6.9-1  gupnp-igd-1.6.0-2  harfbuzz-12.1.0-1  haskell-aeson-2.1.2.1-179  haskell-ansi-terminal-1.0.2-148  haskell-ansi-terminal-types-0.11.5-188  haskell-assoc-1.1.1-39  haskell-attoparsec-0.14.4-171  haskell-base-compat-0.14.1-1  haskell-base-compat-batteries-0.14.1-32  haskell-base-orphans-0.9.3-76  haskell-bifunctors-5.6.2-54  haskell-colour-2.3.6-398  haskell-comonad-5.0.9-117  haskell-contravariant-1.5.5-5  haskell-data-fix-0.3.4-134  haskell-diff-0.5-30  haskell-distributive-0.6.2.1-402  haskell-dlist-1.0-380  haskell-erf-2.0.0.0-26  haskell-fgl-5.8.3.0-96  haskell-foldable1-classes-compat-0.1.2-48  haskell-generically-0.1.1-84  haskell-hashable-1.4.7.0-11  haskell-indexed-traversable-0.1.4-172  haskell-indexed-traversable-instances-0.1.2-121  haskell-integer-logarithms-1.0.4-134  haskell-onetuple-0.4.2-174  haskell-optparse-applicative-0.18.1.0-242  haskell-os-string-2.0.8-80  haskell-prettyprinter-1.7.1-352  haskell-prettyprinter-ansi-terminal-1.1.3-454  haskell-primitive-0.9.1.0-104  haskell-quickcheck-2.15.0.1-81  haskell-random-1.2.1.3-167  haskell-regex-base-0.94.0.3-2  haskell-regex-tdfa-1.3.2.5-3  haskell-scientific-0.3.8.0-138  haskell-semialign-1.3.1-49  haskell-semigroupoids-6.0.1-93  haskell-splitmix-0.1.2-60  haskell-statevar-1.2.2-4  haskell-strict-0.5.1-6  haskell-tagged-0.8.9-2  haskell-tasty-1.5.2-52  haskell-text-short-0.1.6-172  haskell-th-abstraction-0.5.0.0-1  haskell-these-1.2.1-215  haskell-time-compat-1.9.8-18  haskell-transformers-compat-0.7.2-3  haskell-unordered-containers-0.2.20.1-9  haskell-uuid-types-1.0.6-213  haskell-vector-0.13.2.0-310  haskell-vector-stream-0.1.0.1-3  haskell-witherable-0.4.2-226  highway-1.3.0-1  hyprgraphics-0.2.0-2  hyprlang-0.6.4-3  hyprutils-0.10.0-1  hyprwayland-scanner-0.4.5-1  intel-gmmlib-22.8.1-1  iso-codes-4.18.0-1  jbigkit-2.1-8  json-glib-1.10.8-1  kwindowsystem-6.19.0-1  lcms2-2.17-1  lib32-brotli-1.1.0-1  lib32-bzip2-1.0.8-4  lib32-curl-8.16.0-1  lib32-e2fsprogs-1.47.3-1  lib32-expat-2.7.3-1  lib32-gcc-libs-15.2.1+r22+gc4e96a094636-1  lib32-glibc-2.42+r17+gd7274d718e6f-1  lib32-icu-76.1-1  lib32-json-c-0.18-2  lib32-keyutils-1.6.3-2  lib32-krb5-1.21.3-1  lib32-libdrm-2.4.126-1  lib32-libelf-0.193-4  lib32-libffi-3.5.2-1  lib32-libglvnd-1.7.0-1  lib32-libidn2-2.3.7-1  lib32-libldap-2.6.10-1  lib32-libnghttp2-1.67.1-1  lib32-libnghttp3-1.12.0-1  lib32-libpciaccess-0.18.1-1  lib32-libpsl-0.21.5-1  lib32-libssh2-1.11.1-1  lib32-libunistring-1.3-1  lib32-libx11-1.8.12-2  lib32-libxau-1.0.11-2  lib32-libxcb-1.17.0-1  lib32-libxcrypt-4.4.38-1  lib32-libxdmcp-1.1.5-1  lib32-libxext-1.3.6-1  lib32-libxml2-2.15.1-1  lib32-libxshmfence-1.3.3-1  lib32-libxxf86vm-1.1.5-2  lib32-llvm-libs-1:21.1.3-2  lib32-lm_sensors-1:3.6.2-2  lib32-ncurses-6.5-2  lib32-openssl-1:3.6.0-1  lib32-spirv-tools-1:1.4.328.1-1  lib32-wayland-1.24.0-1  lib32-xz-5.8.1-1  lib32-zlib-1.3.1-2  lib32-zstd-1.5.7-2  libadwaita-1:1.8.1-1  libappindicator-gtk3-12.10.0.r298-4  libavif-1.3.0-3  libb2-0.98.1-3  libcloudproviders-0.3.6-2  libcolord-1.4.8-1  libcups-2:2.4.14-1  libdatrie-0.2.13-4  libdbusmenu-glib-16.04.0.r498-2  libdbusmenu-gtk3-16.04.0.r498-2  libde265-1.0.16-2  libdecor-0.2.3-1  libdeflate-1.24-1  libdrm-2.4.126-1  libei-1.5.0-1  libepoxy-1.5.10-3  libevdev-1.13.4-1  libfontenc-1.1.8-1  libfyaml-0.9-1  libgccjit-15.2.1+r22+gc4e96a094636-1  libgirepository-1.86.0-1  libgit2-1:1.9.1-1  libglvnd-1.7.0-3  libgudev-238-3  libheif-1.20.2-3  libice-1.1.2-1  libinput-1.29.1-1  libjpeg-turbo-3.1.2-1  libjxl-0.11.1-5  liblqr-0.4.3-1  libnice-0.1.22-2  libnma-1.10.6-3  libnma-common-1.10.6-3  libnotify-0.8.7-1  libotf-0.9.16-6  libpciaccess-0.18.1-2  libpng-1.6.50-1  libproxy-0.5.11-1  libraqm-0.10.3-1  librsvg-2:2.61.1-1  libshout-1:2.4.6-5  libsm-1.2.6-1  libsoup3-3.6.5-1  libstemmer-3.0.1-1  libthai-0.1.29-3  libtheora-1.2.0-1  libtiff-4.7.1-1  libunwind-1.8.2-1  libva-2.22.0-1  libvdpau-1.5-3  libvlc-3.0.21-30  libvpx-1.15.2-2  libwacom-2.16.1-1  libwebp-1.6.0-2  libx11-1.8.12-1  libxaw-1.0.16-1  libxcomposite-0.4.6-2  libxcursor-1.2.3-1  libxcvt-0.1.3-1  libxdamage-1.1.6-2  libxext-1.3.6-1  libxfixes-6.0.2-1  libxfont2-2.0.7-1  libxft-2.3.9-1  libxi-1.8.2-1  libxinerama-1.1.5-2  libxkbcommon-1.11.0-1  libxkbcommon-x11-1.11.0-1  libxkbfile-1.1.3-1  libxmlb-0.3.24-1  libxmu-1.2.1-1  libxnvctrl-580.95.05-1  libxpm-3.5.17-2  libxrandr-1.5.4-1  libxrender-0.9.12-1  libxshmfence-1.3.3-1  libxt-1.3.1-1  libxtst-1.2.5-1  libxv-1.0.13-1  libxxf86vm-1.1.6-1  libyuv-r2426+464c51a03-1  llhttp-9.2.1-2  lzo-2.10-5  m17n-db-1.8.8-1  m17n-lib-1.8.5-1  md4c-0.5.2-1  mtdev-1.1.7-1  nftables-1:1.1.5-1  nm-connection-editor-1.36.0-1  numactl-2.0.19-1  openh264-2.6.0-1  orc-0.4.41-1  pango-1:1.57.0-2  pixman-0.46.4-1  pugixml-1.15-2  python-cairo-1.28.0-1  python-capng-0.8.5-3  python-dbus-1.4.0-1  python-entrypoints-0.4-6  python-gobject-3.54.5-1  python-mccabe-0.7.0-8  python-pycodestyle-2.14.0-1  python-pyflakes-3.4.0-1  qt5-base-5.15.17+kde+r123-2  qt5-declarative-5.15.17+kde+r21-1  qt5-svg-5.15.17+kde+r5-1  qt5-translations-5.15.17-1  qt5-wayland-5.15.17+kde+r57-1  qt5-x11extras-5.15.17-1  qt6-base-6.10.0-1  qt6-svg-6.10.0-1  qt6-translations-6.10.0-1  rav1e-0.8.1-2  rtkit-0.13-3  runc-1.3.2-1  sdbus-cpp-2.1.0-2  shared-mime-info-2.4-2  slurp-1.5.0-1  source-highlight-3.1.9-16  speex-1.2.1-2  speexdsp-1.2.1-2  spirv-tools-1:1.4.328.1-1  svt-av1-3.1.2-1  taglib-2.1.1-1  tinysparql-3.10.1-1  tree-sitter-0.25.10-1  tslib-1.23-1  ttf-nerd-fonts-symbols-3.4.0-1  ttf-nerd-fonts-symbols-common-3.4.0-1  twolame-0.4.0-4  vlc-cli-3.0.21-30  vlc-gui-qt-3.0.21-30  vlc-plugin-a52dec-3.0.21-30  vlc-plugin-alsa-3.0.21-30  vlc-plugin-archive-3.0.21-30  vlc-plugin-dav1d-3.0.21-30  vlc-plugin-dbus-3.0.21-30  vlc-plugin-dbus-screensaver-3.0.21-30  vlc-plugin-faad2-3.0.21-30  vlc-plugin-flac-3.0.21-30  vlc-plugin-gnutls-3.0.21-30  vlc-plugin-inflate-3.0.21-30  vlc-plugin-journal-3.0.21-30  vlc-plugin-jpeg-3.0.21-30  vlc-plugin-lua-3.0.21-30  vlc-plugin-mpg123-3.0.21-30  vlc-plugin-ogg-3.0.21-30  vlc-plugin-opus-3.0.21-30  vlc-plugin-png-3.0.21-30  vlc-plugin-pulse-3.0.21-30  vlc-plugin-shout-3.0.21-30  vlc-plugin-speex-3.0.21-30  vlc-plugin-tag-3.0.21-30  vlc-plugin-theora-3.0.21-30  vlc-plugin-twolame-3.0.21-30  vlc-plugin-vorbis-3.0.21-30  vlc-plugin-vpx-3.0.21-30  vlc-plugin-xml-3.0.21-30  vlc-plugins-base-3.0.21-30  vlc-plugins-video-output-3.0.21-30  vulkan-icd-loader-1.4.328.1-1  vulkan-mesa-device-select-1:25.2.5-1  wayland-1.24.0-1  wayland-protocols-1.45-1  wl-clipboard-1:2.2.1-3  x265-4.1-1  xcb-util-0.4.1-2  xcb-util-cursor-0.1.6-1  xcb-util-image-0.4.1-3  xcb-util-keysyms-0.4.1-5  xcb-util-renderutil-0.3.10-2  xcb-util-wm-0.4.2-2  xcur2png-0.7.1-8  xdg-utils-1.2.1-1  xf86-input-libinput-1.5.0-1  xkeyboard-config-2.46-1  xorg-fonts-encodings-1.1.0-1  xorg-server-common-21.1.18-2  xorg-setxkbmap-1.3.4-2  xorg-xauth-1.1.4-1  xorg-xkbcomp-1.4.7-1  xorg-xmodmap-1.0.11-2  xorg-xprop-1.2.8-1  xorg-xrdb-1.2.2-2  xorg-xset-1.2.5-2  7zip-25.01-1  aria2-1.37.0-2  bat-0.26.0-1  batsignal-1.8.0-2  blueman-2.4.6-1  brightnessctl-0.5.1-3  btop-1.4.5-1  cpio-2.15-3  dkms-3.2.2-1  docker-1:28.5.1-1  docker-compose-2.40.1-1  earlyoom-1.9.0-1  egl-wayland-4:1.1.20-1  emacs-30.2-1  firewalld-2.3.1-1  gdb-16.3-1  gnome-tweaks-49.0-1  hypridle-0.1.7-4  hyprlock-0.9.2-3  hyprshot-1.3.0-4  imagemagick-7.1.2.7-1  inetutils-2.6-1  intel-media-driver-25.3.4-1  kvantum-1.1.5-1  lazygit-0.55.1-1  lib32-mesa-1:25.2.5-1  lib32-nvidia-utils-580.95.05-1  libva-intel-driver-2.4.1-5  libva-nvidia-driver-0.0.14-1  lm_sensors-1:3.6.2-1  lua-language-server-3.15.0-1  mesa-1:25.2.5-1  network-manager-applet-1.36.0-1  nvidia-dkms-580.95.05-1  nvidia-prime-1.0-5  nvidia-settings-580.95.05-1  nvidia-utils-580.95.05-1  nwg-look-1.0.6-1  pamixer-1.6-3  pipewire-alsa-1:1.4.9-1  pipewire-jack-1:1.4.9-1  plocate-1.1.23-1  polkit-gnome-0.105-11  powertop-2.15-2  python-flake8-1:7.3.0-1  shellcheck-0.11.0-68  shfmt-3.12.0-1  strace-6.17-1  swayosd-0.2.1-1  tcpdump-4.99.5-1  tree-2.2.1-1  ufw-0.36.2-5  unrar-1:7.1.10-1  vlc-3.0.21-30  vulkan-intel-1:25.2.5-1  xclip-0.13-6  xdg-desktop-portal-1.20.3-2  xdg-desktop-portal-gtk-1.15.3-1  xorg-server-21.1.18-2  xorg-xinit-1.4.4-1  xorg-xwayland-24.1.8-1  yazi-25.5.31-2

Total Download Size:    156.12 MiB
Total Installed Size:  3522.33 MiB

:: Proceed with installation? [Y/n] 
:: Retrieving packages...
 lib32-llvm-libs-1:21.1.3-2-x86_64 downloading...
 lib32-mesa-1:25.2.5-1-x86_64 downloading...
 mesa-1:25.2.5-1-x86_64 downloading...
 vulkan-intel-1:25.2.5-1-x86_64 downloading...
 glycin-2.0.4-1-x86_64 downloading...
 x265-4.1-1-x86_64 downloading...
 vlc-plugins-base-3.0.21-30-x86_64 downloading...
 qt6-translations-6.10.0-1-any downloading...
 7zip-25.01-1-x86_64 downloading...
 spirv-tools-1:1.4.328.1-1-x86_64 downloading...
 qt5-translations-5.15.17-1-any downloading...
 swayosd-0.2.1-1-x86_64 downloading...
 rav1e-0.8.1-2-x86_64 downloading...
 lib32-spirv-tools-1:1.4.328.1-1-x86_64 downloading...
 m17n-db-1.8.8-1-any downloading...
 xorg-server-21.1.18-2-x86_64 downloading...
 aria2-1.37.0-2-x86_64 downloading...
 blueman-2.4.6-1-x86_64 downloading...
 haskell-vector-0.13.2.0-310-x86_64 downloading...
 libvpx-1.15.2-2-x86_64 downloading...
 nwg-look-1.0.6-1-x86_64 downloading...
 ttf-nerd-fonts-symbols-3.4.0-1-any downloading...
 haskell-aeson-2.1.2.1-179-x86_64 downloading...
 highway-1.3.0-1-x86_64 downloading...
 harfbuzz-12.1.0-1-x86_64 downloading...
 kvantum-1.1.5-1-x86_64 downloading...
 qt5-wayland-5.15.17+kde+r57-1-x86_64 downloading...
 shfmt-3.12.0-1-x86_64 downloading...
 libva-intel-driver-2.4.1-5-x86_64 downloading...
 tinysparql-3.10.1-1-x86_64 downloading...
 vlc-gui-qt-3.0.21-30-x86_64 downloading...
 libgit2-1:1.9.1-1-x86_64 downloading...
 xorg-xwayland-24.1.8-1-x86_64 downloading...
 firewalld-2.3.1-1-any downloading...
 xkeyboard-config-2.46-1-any downloading...
 nm-connection-editor-1.36.0-1-x86_64 downloading...
 lib32-krb5-1.21.3-1-x86_64 downloading...
 nvidia-settings-580.95.05-1-x86_64 downloading...
 gsettings-desktop-schemas-49.1-1-any downloading...
 libadwaita-1:1.8.1-1-x86_64 downloading...
 source-highlight-3.1.9-16-x86_64 downloading...
 libvlc-3.0.21-30-x86_64 downloading...
 openh264-2.6.0-1-x86_64 downloading...
 libheif-1.20.2-3-x86_64 downloading...
 dav1d-1.5.1-1-x86_64 downloading...
 lib32-libx11-1.8.12-2-x86_64 downloading...
 cairo-1.18.4-1-x86_64 downloading...
 shared-mime-info-2.4-2-x86_64 downloading...
 at-spi2-core-2.58.1-1-x86_64 downloading...
 libjpeg-turbo-3.1.2-1-x86_64 downloading...
 xorg-fonts-encodings-1.1.0-1-any downloading...
 btop-1.4.5-1-x86_64 downloading...
 lib32-libunistring-1.3-1-x86_64 downloading...
 gcr-4-4.4.0.1-1-x86_64 downloading...
 haskell-quickcheck-2.15.0.1-81-x86_64 downloading...
 strace-6.17-1-x86_64 downloading...
 freetype2-2.14.1-1-x86_64 downloading...
 libxt-1.3.1-1-x86_64 downloading...
 gperftools-2.17.2-1-x86_64 downloading...
 lib32-libxml2-2.15.1-1-x86_64 downloading...
 gdk-pixbuf2-2.44.3-1-x86_64 downloading...
 haskell-regex-tdfa-1.3.2.5-3-x86_64 downloading...
 speex-1.2.1-2-x86_64 downloading...
 taglib-2.1.1-1-x86_64 downloading...
 speexdsp-1.2.1-2-x86_64 downloading...
 gnome-desktop-common-1:44.4-1-x86_64 downloading...
 libtheora-1.2.0-1-x86_64 downloading...
 tcpdump-4.99.5-1-x86_64 downloading...
 xdg-desktop-portal-1.20.3-2-x86_64 downloading...
 nftables-1:1.1.5-1-x86_64 downloading...
 pango-1:1.57.0-2-x86_64 downloading...
 haskell-bifunctors-5.6.2-54-x86_64 downloading...
 haskell-attoparsec-0.14.4-171-x86_64 downloading...
 libsoup3-3.6.5-1-x86_64 downloading...
 libtiff-4.7.1-1-x86_64 downloading...
 lib32-curl-8.16.0-1-x86_64 downloading...
 fontconfig-2:2.17.1-1-x86_64 downloading...
 adwaita-cursors-49.0-1-any downloading...
 libxaw-1.0.16-1-x86_64 downloading...
 libdrm-2.4.126-1-x86_64 downloading...
 lib32-brotli-1.1.0-1-x86_64 downloading...
 haskell-semigroupoids-6.0.1-93-x86_64 downloading...
 libinput-1.29.1-1-x86_64 downloading...
 libwebp-1.6.0-2-x86_64 downloading...
 libglvnd-1.7.0-3-x86_64 downloading...
 lib32-zstd-1.5.7-2-x86_64 downloading...
 m17n-lib-1.8.5-1-x86_64 downloading...
 haskell-fgl-5.8.3.0-96-x86_64 downloading...
 inetutils-2.6-1-x86_64 downloading...
 python-gobject-3.54.5-1-x86_64 downloading...
 libnice-0.1.22-2-x86_64 downloading...
 lib32-libelf-0.193-4-x86_64 downloading...
 vlc-plugin-lua-3.0.21-30-x86_64 downloading...
 libepoxy-1.5.10-3-x86_64 downloading...
 libyuv-r2426+464c51a03-1-x86_64 downloading...
 libfyaml-0.9-1-x86_64 downloading...
 intel-gmmlib-22.8.1-1-x86_64 downloading...
 hyprlock-0.9.2-3-x86_64 downloading...
 haskell-tasty-1.5.2-52-x86_64 downloading...
 pixman-0.46.4-1-x86_64 downloading...
 qt6-svg-6.10.0-1-x86_64 downloading...
 libthai-0.1.29-3-x86_64 downloading...
 libcups-2:2.4.14-1-x86_64 downloading...
 gnome-tweaks-49.0-1-any downloading...
 libavif-1.3.0-3-x86_64 downloading...
 orc-0.4.41-1-x86_64 downloading...
 libxkbcommon-1.11.0-1-x86_64 downloading...
 haskell-optparse-applicative-0.18.1.0-242-x86_64 downloading...
 libde265-1.0.16-2-x86_64 downloading...
 haskell-primitive-0.9.1.0-104-x86_64 downloading...
 libpng-1.6.50-1-x86_64 downloading...
 haskell-unordered-containers-0.2.20.1-9-x86_64 downloading...
 kwindowsystem-6.19.0-1-x86_64 downloading...
 cpio-2.15-3-x86_64 downloading...
 faad2-2.11.2-1-x86_64 downloading...
 sdbus-cpp-2.1.0-2-x86_64 downloading...
 c-ares-1.34.5-1-x86_64 downloading...
 haskell-random-1.2.1.3-167-x86_64 downloading...
 lib32-e2fsprogs-1.47.3-1-x86_64 downloading...
 lcms2-2.17-1-x86_64 downloading...
 lib32-ncurses-6.5-2-x86_64 downloading...
 haskell-prettyprinter-1.7.1-352-x86_64 downloading...
 lib32-libglvnd-1.7.0-1-x86_64 downloading...
 adwaita-icon-theme-49.0-1-any downloading...
 libva-2.22.0-1-x86_64 downloading...
 lib32-libxcb-1.17.0-1-x86_64 downloading...
 powertop-2.15-2-x86_64 downloading...
 libnma-common-1.10.6-3-x86_64 downloading...
 libcolord-1.4.8-1-x86_64 downloading...
 unrar-1:7.1.10-1-x86_64 downloading...
 libwacom-2.16.1-1-x86_64 downloading...
 json-glib-1.10.8-1-x86_64 downloading...
 network-manager-applet-1.36.0-1-x86_64 downloading...
 haskell-os-string-2.0.8-80-x86_64 downloading...
 haskell-strict-0.5.1-6-x86_64 downloading...
 pipewire-jack-1:1.4.9-1-x86_64 downloading...
 lib32-libldap-2.6.10-1-x86_64 downloading...
 vlc-plugins-video-output-3.0.21-30-x86_64 downloading...
 haskell-colour-2.3.6-398-x86_64 downloading...
 vulkan-icd-loader-1.4.328.1-1-x86_64 downloading...
 libxmlb-0.3.24-1-x86_64 downloading...
 gd-2.3.3-9-x86_64 downloading...
 libxi-1.8.2-1-x86_64 downloading...
 qt5-svg-5.15.17+kde+r5-1-x86_64 downloading...
 libgirepository-1.86.0-1-x86_64 downloading...
 python-pyflakes-3.4.0-1-any downloading...
 haskell-th-abstraction-0.5.0.0-1-x86_64 downloading...
 wayland-1.24.0-1-x86_64 downloading...
 ufw-0.36.2-5-any downloading...
 plocate-1.1.23-1-x86_64 downloading...
 glib-networking-1:2.80.1-1-x86_64 downloading...
 lib32-libdrm-2.4.126-1-x86_64 downloading...
 libstemmer-3.0.1-1-x86_64 downloading...
 lm_sensors-1:3.6.2-1-x86_64 downloading...
 haskell-semialign-1.3.1-49-x86_64 downloading...
 fuse3-3.17.1-1-x86_64 downloading...
 wayland-protocols-1.45-1-any downloading...
 libunwind-1.8.2-1-x86_64 downloading...
 haskell-witherable-0.4.2-226-x86_64 downloading...
 gupnp-1:1.6.9-1-x86_64 downloading...
 python-dbus-1.4.0-1-x86_64 downloading...
 gdb-common-16.3-1-x86_64 downloading...
 gnome-desktop-4-1:44.4-1-x86_64 downloading...
 haskell-transformers-compat-0.7.2-3-x86_64 downloading...
 lib32-libssh2-1.11.1-1-x86_64 downloading...
 libdatrie-0.2.13-4-x86_64 downloading...
 python-flake8-1:7.3.0-1-any downloading...
 libxfont2-2.0.7-1-x86_64 downloading...
 haskell-indexed-traversable-0.1.4-172-x86_64 downloading...
 haskell-hashable-1.4.7.0-11-x86_64 downloading...
 hyprutils-0.10.0-1-x86_64 downloading...
 libnma-1.10.6-3-x86_64 downloading...
 tree-sitter-0.25.10-1-x86_64 downloading...
 xdg-desktop-portal-gtk-1.15.3-1-x86_64 downloading...
 pugixml-1.15-2-x86_64 downloading...
 graphene-1.10.8-2-x86_64 downloading...
 libxext-1.3.6-1-x86_64 downloading...
 haskell-scientific-0.3.8.0-138-x86_64 downloading...
 hyprlang-0.6.4-3-x86_64 downloading...
 hypridle-0.1.7-4-x86_64 downloading...
 libei-1.5.0-1-x86_64 downloading...
 lib32-xz-5.8.1-1-x86_64 downloading...
 tslib-1.23-1-x86_64 downloading...
 haskell-these-1.2.1-215-x86_64 downloading...
 haskell-base-compat-0.14.1-1-x86_64 downloading...
 haskell-comonad-5.0.9-117-x86_64 downloading...
 python-cairo-1.28.0-1-x86_64 downloading...
 pamixer-1.6-3-x86_64 downloading...
 haskell-time-compat-1.9.8-18-x86_64 downloading...
 hyprwayland-scanner-0.4.5-1-x86_64 downloading...
 xorg-xkbcomp-1.4.7-1-x86_64 downloading...
 libdbusmenu-glib-16.04.0.r498-2-x86_64 downloading...
 lzo-2.10-5-x86_64 downloading...
 libotf-0.9.16-6-x86_64 downloading...
 twolame-0.4.0-4-x86_64 downloading...
 graphite-1:1.3.14-5-x86_64 downloading...
 numactl-2.0.19-1-x86_64 downloading...
 haskell-vector-stream-0.1.0.1-3-x86_64 downloading...
 hyprgraphics-0.2.0-2-x86_64 downloading...
 haskell-base-compat-batteries-0.14.1-32-x86_64 downloading...
 md4c-0.5.2-1-x86_64 downloading...
 libice-1.1.2-1-x86_64 downloading...
 giflib-5.2.2-2-x86_64 downloading...
 libxkbfile-1.1.3-1-x86_64 downloading...
 libxnvctrl-580.95.05-1-x86_64 downloading...
 libxmu-1.2.1-1-x86_64 downloading...
 haskell-base-orphans-0.9.3-76-x86_64 downloading...
 haskell-ansi-terminal-types-0.11.5-188-x86_64 downloading...
 haskell-foldable1-classes-compat-0.1.2-48-x86_64 downloading...
 haskell-text-short-0.1.6-172-x86_64 downloading...
 libxpm-3.5.17-2-x86_64 downloading...
 fribidi-1.0.16-2-x86_64 downloading...
 python-pycodestyle-2.14.0-1-any downloading...
 lib32-expat-2.7.3-1-x86_64 downloading...
 libshout-1:2.4.6-5-x86_64 downloading...
 lib32-libxcrypt-4.4.38-1-x86_64 downloading...
 lib32-libnghttp3-1.12.0-1-x86_64 downloading...
 haskell-uuid-types-1.0.6-213-x86_64 downloading...
 lib32-libnghttp2-1.67.1-1-x86_64 downloading...
 libcloudproviders-0.3.6-2-x86_64 downloading...
 libdeflate-1.24-1-x86_64 downloading...
 libvdpau-1.5-3-x86_64 downloading...
 haskell-regex-base-0.94.0.3-2-x86_64 downloading...
 polkit-gnome-0.105-11-x86_64 downloading...
 vlc-plugin-ogg-3.0.21-30-x86_64 downloading...
 haskell-contravariant-1.5.5-5-x86_64 downloading...
 libxft-2.3.9-1-x86_64 downloading...
 xdg-utils-1.2.1-1-any downloading...
 double-conversion-3.3.1-1-x86_64 downloading...
 libevdev-1.13.4-1-x86_64 downloading...
 haskell-tagged-0.8.9-2-x86_64 downloading...
 gssdp-1.6.4-1-x86_64 downloading...
 lib32-libpsl-0.21.5-1-x86_64 downloading...
 haskell-prettyprinter-ansi-terminal-1.1.3-454-x86_64 downloading...
 lib32-wayland-1.24.0-1-x86_64 downloading...
 gtk4-layer-shell-1.2.0-1-x86_64 downloading...
 lib32-libidn2-2.3.7-1-x86_64 downloading...
 haskell-diff-0.5-30-x86_64 downloading...
 jbigkit-2.1-8-x86_64 downloading...
 haskell-ansi-terminal-1.0.2-148-x86_64 downloading...
 libappindicator-gtk3-12.10.0.r298-4-x86_64 downloading...
 haskell-dlist-1.0-380-x86_64 downloading...
 libdbusmenu-gtk3-16.04.0.r498-2-x86_64 downloading...
 lib32-zlib-1.3.1-2-x86_64 downloading...
 dkms-3.2.2-1-any downloading...
 a52dec-0.8.0-2-x86_64 downloading...
 libsm-1.2.6-1-x86_64 downloading...
 libdecor-0.2.3-1-x86_64 downloading...
 libb2-0.98.1-3-x86_64 downloading...
 libgudev-238-3-x86_64 downloading...
 desktop-file-utils-0.28-1-x86_64 downloading...
 xf86-input-libinput-1.5.0-1-x86_64 downloading...
 bubblewrap-0.11.0-1-x86_64 downloading...
 vulkan-mesa-device-select-1:25.2.5-1-x86_64 downloading...
 tree-2.2.1-1-x86_64 downloading...
 vlc-plugin-tag-3.0.21-30-x86_64 downloading...
 haskell-distributive-0.6.2.1-402-x86_64 downloading...
 egl-x11-1.0.3-1-x86_64 downloading...
 haskell-splitmix-0.1.2-60-x86_64 downloading...
 libva-nvidia-driver-0.0.14-1-x86_64 downloading...
 egl-wayland-4:1.1.20-1-x86_64 downloading...
 libnotify-0.8.7-1-x86_64 downloading...
 haskell-data-fix-0.3.4-134-x86_64 downloading...
 lib32-json-c-0.18-2-x86_64 downloading...
 libxv-1.0.13-1-x86_64 downloading...
 gobject-introspection-runtime-1.86.0-1-x86_64 downloading...
error: failed retrieving file 'libgudev-238-3-x86_64.pkg.tar.zst' from sg.arch.niranjan.co : The requested URL returned error: 503
error: failed retrieving file 'desktop-file-utils-0.28-1-x86_64.pkg.tar.zst' from sg.arch.niranjan.co : The requested URL returned error: 503
error: failed retrieving file 'lib32-json-c-0.18-2-x86_64.pkg.tar.zst.sig' from sg.arch.niranjan.co : The requested URL returned error: 503
warning: too many errors from sg.arch.niranjan.co, skipping for the remainder of this transaction
warning: failed to retrieve some files
error: failed to commit transaction (failed to retrieve some files)
Errors occurred, no packages were upgraded.
[0;31m[ERROR][0m Failed to install (62): btop tree inetutils cpio bat yazi tcpdump python-flake8 shellcheck gdb strace docker docker-compose shfmt lua-language-server emacs lazygit xclip xdg-desktop-portal xdg-desktop-portal-gtk xorg-server xorg-xinit brightnessctl pamixer swayosd nwg-look kvantum hyprlock hypridle xorg-xwayland hyprshot vlc imagemagick pipewire-alsa pipewire-jack network-manager-applet polkit-gnome firewalld blueman 7zip unrar earlyoom plocate gnome-tweaks ufw aria2 powertop lm_sensors vulkan-intel intel-media-driver libva-intel-driver dkms nvidia-dkms nvidia-utils nvidia-prime lib32-nvidia-utils nvidia-settings libva-nvidia-driver egl-wayland mesa lib32-mesa batsignal
[0;34m[INFO][0m AUR helper available: yay
[0;34m[INFO][0m Installing aur packages (conditions: nvidia amd intel laptop)
[0;34m[INFO][0m Installing from /home/exploiter/bootstrap/data/aur-packages.lst (aur)
[0;34m[INFO][0m Installing 3 packages: optimus-manager-qt auto-cpufreq catppuccin-gtk-theme-mocha
:: [1mThere are 6 providers available for NVIDIA-MODULE:
:: [1mRepository extra
    [0m1) nvidia 2) nvidia-dkms 3) nvidia-lts 4) nvidia-open 5) nvidia-open-dkms 6) nvidia-open-lts [0m

Enter a number (default=1): 

AUR Explicit (3): optimus-manager-qt-1.6.9-3, auto-cpufreq-2.6.0-2, catppuccin-gtk-theme-mocha-1.0.3-1
AUR Dependency (1): optimus-manager-git-4:0-1
Sync Dependency (18): python-psutil-7.1.0-1, qt5-x11extras-5.15.17-1, dmidecode-3.6-1, python-gobject-3.54.5-1, python-click-8.2.1-1, python-pyinotify-0.9.6-15, qt5-svg-5.15.17+kde+r5-1, gtk3-1:3.24.51-1, python-requests-2.32.5-1, python-distro-1.9.0-3, python-urwid-3.0.3-1, gobject-introspection-1.86.0-1, python-pyasyncore-1.0.4-3, qt5-base-5.15.17+kde+r123-2, python-dbus-1.4.0-1, xorg-xrandr-1.5.3-1, mesa-utils-9.0.0-7, nvidia-580.95.05-6
Sync Make Dependency (8): python-poetry-dynamic-versioning-1.9.1-1, python-poetry-core-2.2.1-1, qt5-tools-5.15.17+kde+r3-3, extra-cmake-modules-6.19.0-1, python-build-1.3.0-1, python-setuptools-1:80.9.0-2, python-installer-0.7.0-10, python-wheel-0.45.1-1
:: [1m(1/4) Downloaded PKGBUILD: optimus-manager-git[0m
:: [1m(2/4) Downloaded PKGBUILD: optimus-manager-qt[0m
:: [1m(3/4) Downloaded PKGBUILD: catppuccin-gtk-theme-mocha[0m
:: [1m(4/4) Downloaded PKGBUILD: auto-cpufreq[0m
  4 optimus-manager-qt                       (Build Files Exist)
  3 auto-cpufreq                             (Build Files Exist)
  2 catppuccin-gtk-theme-mocha               (Build Files Exist)
  1 optimus-manager-git                      (Build Files Exist)
==> Packages to cleanBuild?
==> [N]one [A]ll [Ab]ort [I]nstalled [No]tInstalled or (1 2 3, 1-3, ^4)
==> 
  4 catppuccin-gtk-theme-mocha               (Build Files Exist)
  3 optimus-manager-git                      (Build Files Exist)
  2 optimus-manager-qt                       (Build Files Exist)
  1 auto-cpufreq                             (Build Files Exist)
==> Diffs to show?
==> [N]one [A]ll [Ab]ort [I]nstalled [No]tInstalled or (1 2 3, 1-3, ^4)
==> 
==> Making package: auto-cpufreq 2.6.0-2 (Wed 22 Oct 2025 12:20:40 AM IST)
==> Retrieving sources...
  -> Downloading auto-cpufreq-2.6.0.tar.gz...
  % Total    % Received % Xferd  Average Speed   Time    Time     Time  Current
                                 Dload  Upload   Total   Spent    Left  Speed
  0     0    0     0    0     0      0      0 --:--:-- --:--:-- --:--:--     0  0     0    0     0    0     0      0      0 --:--:-- --:--:-- --:--:--     0  0     0    0     0    0     0      0      0 --:--:-- --:--:-- --:--:--     0
100 11796    0 11796    0     0  10222      0 --:--:--  0:00:01 --:--:-- 10222100  221k    0  221k    0     0   175k      0 --:--:--  0:00:01 --:--:-- 1995k
  -> Found auto-cpufreq.service
  -> Found 001-fix-icon-n-style-locations.patch
  -> Found 002-fix-other-icon-path.patch
==> WARNING: Skipping verification of source file PGP signatures.
==> Validating source files with sha256sums...
    auto-cpufreq-2.6.0.tar.gz ... Passed
    auto-cpufreq.service ... Passed
    001-fix-icon-n-style-locations.patch ... Passed
    002-fix-other-icon-path.patch ... Passed
==> Making package: catppuccin-gtk-theme-mocha 1.0.3-1 (Wed 22 Oct 2025 12:20:42 AM IST)
==> Retrieving sources...
  -> Downloading catppuccin-gtk-theme-mocha-1.0.3-blue.zip...
  % Total    % Received % Xferd  Average Speed   Time    Time     Time  Current
                                 Dload  Upload   Total   Spent    Left  Speed
  0     0    0     0    0     0      0      0 --:--:-- --:--:-- --:--:--     0  0     0    0     0    0     0      0      0 --:--:-- --:--:-- --:--:--     0
 45  271k   45  124k    0     0   144k      0  0:00:01 --:--:--  0:00:01  144k100  271k  100  271k    0     0   303k      0 --:--:-- --:--:-- --:--:-- 4597k
  -> Downloading catppuccin-gtk-theme-mocha-1.0.3-flamingo.zip...
  % Total    % Received % Xferd  Average Speed   Time    Time     Time  Current
                                 Dload  Upload   Total   Spent    Left  Speed
  0     0    0     0    0     0      0      0 --:--:-- --:--:-- --:--:--     0  0     0    0     0    0     0      0      0 --:--:-- --:--:-- --:--:--     0
100  273k  100  273k    0     0   306k      0 --:--:-- --:--:-- --:--:--  306k
  -> Downloading catppuccin-gtk-theme-mocha-1.0.3-green.zip...
  % Total    % Received % Xferd  Average Speed   Time    Time     Time  Current
                                 Dload  Upload   Total   Spent    Left  Speed
  0     0    0     0    0     0      0      0 --:--:-- --:--:-- --:--:--     0  0     0    0     0    0     0      0      0 --:--:-- --:--:-- --:--:--     0  0     0    0     0    0     0      0      0 --:--:-- --:--:-- --:--:--     0
100  271k  100  271k    0     0   312k      0 --:--:-- --:--:-- --:--:--  312k
  -> Downloading catppuccin-gtk-theme-mocha-1.0.3-lavender.zip...
  % Total    % Received % Xferd  Average Speed   Time    Time     Time  Current
                                 Dload  Upload   Total   Spent    Left  Speed
  0     0    0     0    0     0      0      0 --:--:-- --:--:-- --:--:--     0  0     0    0     0    0     0      0      0 --:--:-- --:--:-- --:--:--     0  0     0    0     0    0     0      0      0 --:--:-- --:--:-- --:--:--     0
 13  273k   13 37036    0     0  26544      0  0:00:10  0:00:01  0:00:09 26544100  273k  100  273k    0     0   184k      0  0:00:01  0:00:01 --:--:-- 2693k
  -> Downloading catppuccin-gtk-theme-mocha-1.0.3-maroon.zip...
  % Total    % Received % Xferd  Average Speed   Time    Time     Time  Current
                                 Dload  Upload   Total   Spent    Left  Speed
  0     0    0     0    0     0      0      0 --:--:-- --:--:-- --:--:--     0  0     0    0     0    0     0      0      0 --:--:-- --:--:-- --:--:--     0
  0     0    0     0    0     0      0      0 --:--:-- --:--:-- --:--:--     0100  272k  100  272k    0     0   285k      0 --:--:-- --:--:-- --:--:-- 1232k
  -> Downloading catppuccin-gtk-theme-mocha-1.0.3-mauve.zip...
  % Total    % Received % Xferd  Average Speed   Time    Time     Time  Current
                                 Dload  Upload   Total   Spent    Left  Speed
  0     0    0     0    0     0      0      0 --:--:-- --:--:-- --:--:--     0  0     0    0     0    0     0      0      0 --:--:-- --:--:-- --:--:--     0
  0     0    0     0    0     0      0      0 --:--:-- --:--:-- --:--:--     0100  272k  100  272k    0     0   292k      0 --:--:-- --:--:-- --:--:-- 1503k
  -> Downloading catppuccin-gtk-theme-mocha-1.0.3-peach.zip...
  % Total    % Received % Xferd  Average Speed   Time    Time     Time  Current
                                 Dload  Upload   Total   Spent    Left  Speed
  0     0    0     0    0     0      0      0 --:--:-- --:--:-- --:--:--     0  0     0    0     0    0     0      0      0 --:--:-- --:--:-- --:--:--     0
 13  272k   13 37036    0     0  43977      0  0:00:06 --:--:--  0:00:06 43977100  272k  100  272k    0     0   285k      0 --:--:-- --:--:-- --:--:-- 2164k
  -> Downloading catppuccin-gtk-theme-mocha-1.0.3-pink.zip...
  % Total    % Received % Xferd  Average Speed   Time    Time     Time  Current
                                 Dload  Upload   Total   Spent    Left  Speed
  0     0    0     0    0     0      0      0 --:--:-- --:--:-- --:--:--     0  0     0    0     0    0     0      0      0 --:--:-- --:--:-- --:--:--     0
 12  271k   12 35658    0     0  42831      0  0:00:06 --:--:--  0:00:06 42831100  271k  100  271k    0     0   291k      0 --:--:-- --:--:-- --:--:-- 2368k
  -> Downloading catppuccin-gtk-theme-mocha-1.0.3-red.zip...
  % Total    % Received % Xferd  Average Speed   Time    Time     Time  Current
                                 Dload  Upload   Total   Spent    Left  Speed
  0     0    0     0    0     0      0      0 --:--:-- --:--:-- --:--:--     0  0     0    0     0    0     0      0      0 --:--:-- --:--:-- --:--:--     0
  4  270k    4 13771    0     0  16515      0  0:00:16 --:--:--  0:00:16 16515100  270k  100  270k    0     0   283k      0 --:--:-- --:--:-- --:--:-- 2110k
  -> Downloading catppuccin-gtk-theme-mocha-1.0.3-rosewater.zip...
  % Total    % Received % Xferd  Average Speed   Time    Time     Time  Current
                                 Dload  Upload   Total   Spent    Left  Speed
  0     0    0     0    0     0      0      0 --:--:-- --:--:-- --:--:--     0  0     0    0     0    0     0      0      0 --:--:-- --:--:-- --:--:--     0
  0     0    0     0    0     0      0      0 --:--:-- --:--:-- --:--:--     0100  273k  100  273k    0     0   248k      0  0:00:01  0:00:01 --:--:--  865k
  -> Downloading catppuccin-gtk-theme-mocha-1.0.3-sapphire.zip...
  % Total    % Received % Xferd  Average Speed   Time    Time     Time  Current
                                 Dload  Upload   Total   Spent    Left  Speed
  0     0    0     0    0     0      0      0 --:--:-- --:--:-- --:--:--     0  0     0    0     0    0     0      0      0 --:--:-- --:--:-- --:--:--     0
  0     0    0     0    0     0      0      0 --:--:-- --:--:-- --:--:--     0100  273k  100  273k    0     0   190k      0  0:00:01  0:00:01 --:--:--  389k
  -> Downloading catppuccin-gtk-theme-mocha-1.0.3-sky.zip...
  % Total    % Received % Xferd  Average Speed   Time    Time     Time  Current
                                 Dload  Upload   Total   Spent    Left  Speed
  0     0    0     0    0     0      0      0 --:--:-- --:--:-- --:--:--     0  0     0    0     0    0     0      0      0 --:--:-- --:--:-- --:--:--     0  0     0    0     0    0     0      0      0 --:--:-- --:--:-- --:--:--     0
 23  271k   23 64057    0     0  53603      0  0:00:05  0:00:01  0:00:04 53603100  271k  100  271k    0     0   216k      0  0:00:01  0:00:01 --:--:-- 3481k
  -> Downloading catppuccin-gtk-theme-mocha-1.0.3-teal.zip...
  % Total    % Received % Xferd  Average Speed   Time    Time     Time  Current
                                 Dload  Upload   Total   Spent    Left  Speed
  0     0    0     0    0     0      0      0 --:--:-- --:--:-- --:--:--     0  0     0    0     0    0     0      0      0 --:--:-- --:--:-- --:--:--     0
 18  271k   18 51899    0     0  56266      0  0:00:04 --:--:--  0:00:04 56266100  271k  100  271k    0     0   275k      0 --:--:-- --:--:-- --:--:-- 3401k
  -> Downloading catppuccin-gtk-theme-mocha-1.0.3-yellow.zip...
  % Total    % Received % Xferd  Average Speed   Time    Time     Time  Current
                                 Dload  Upload   Total   Spent    Left  Speed
  0     0    0     0    0     0      0      0 --:--:-- --:--:-- --:--:--     0  0     0    0     0    0     0      0      0 --:--:-- --:--:-- --:--:--     0
 15  272k   15 42548    0     0  45469      0  0:00:06 --:--:--  0:00:06 45469100  272k  100  272k    0     0   267k      0  0:00:01  0:00:01 --:--:-- 2778k
==> WARNING: Skipping verification of source file PGP signatures.
==> Validating source files with sha256sums...
    catppuccin-gtk-theme-mocha-1.0.3-blue.zip ... Passed
    catppuccin-gtk-theme-mocha-1.0.3-flamingo.zip ... Passed
    catppuccin-gtk-theme-mocha-1.0.3-green.zip ... Passed
    catppuccin-gtk-theme-mocha-1.0.3-lavender.zip ... Passed
    catppuccin-gtk-theme-mocha-1.0.3-maroon.zip ... Passed
    catppuccin-gtk-theme-mocha-1.0.3-mauve.zip ... Passed
    catppuccin-gtk-theme-mocha-1.0.3-peach.zip ... Passed
    catppuccin-gtk-theme-mocha-1.0.3-pink.zip ... Passed
    catppuccin-gtk-theme-mocha-1.0.3-red.zip ... Passed
    catppuccin-gtk-theme-mocha-1.0.3-rosewater.zip ... Passed
    catppuccin-gtk-theme-mocha-1.0.3-sapphire.zip ... Passed
    catppuccin-gtk-theme-mocha-1.0.3-sky.zip ... Passed
    catppuccin-gtk-theme-mocha-1.0.3-teal.zip ... Passed
    catppuccin-gtk-theme-mocha-1.0.3-yellow.zip ... Passed
==> Making package: optimus-manager-git 4:0-1 (Wed 22 Oct 2025 12:20:58 AM IST)
==> Retrieving sources...
  -> Cloning optimus-manager git repo...
Cloning into bare repository '/home/exploiter/.cache/yay/optimus-manager-git/optimus-manager'...
==> WARNING: Skipping verification of source file PGP signatures.
==> Validating source files with sha1sums...
    optimus-manager ... Skipped
==> Making package: optimus-manager-qt 1.6.9-3 (Wed 22 Oct 2025 12:21:01 AM IST)
==> Retrieving sources...
  -> Downloading optimus-manager-qt-1.6.9.tar.gz...
  % Total    % Received % Xferd  Average Speed   Time    Time     Time  Current
                                 Dload  Upload   Total   Spent    Left  Speed
  0     0    0     0    0     0      0      0 --:--:-- --:--:-- --:--:--     0  0     0    0     0    0     0      0      0 --:--:-- --:--:-- --:--:--     0
  0     0    0     0    0     0      0      0 --:--:-- --:--:-- --:--:--     0 21 20.0M   21 4383k    0     0  2390k      0  0:00:08  0:00:01  0:00:07 4575k 71 20.0M   71 14.2M    0     0  5162k      0  0:00:03  0:00:02  0:00:01 7476k100 20.0M  100 20.0M    0     0  5282k      0  0:00:03  0:00:03 --:--:-- 6826k100 20.0M  100 20.0M    0     0  5282k      0  0:00:03  0:00:03 --:--:-- 6826k
==> WARNING: Skipping verification of source file PGP signatures.
==> Validating source files with sha256sums...
    optimus-manager-qt-1.6.9.tar.gz ... Passed
:: [1m(1/4) Parsing SRCINFO: optimus-manager-git[0m
:: [1m(2/4) Parsing SRCINFO: optimus-manager-qt[0m
:: [1m(3/4) Parsing SRCINFO: auto-cpufreq[0m
:: [1m(4/4) Parsing SRCINFO: catppuccin-gtk-theme-mocha[0m
resolving dependencies...
looking for conflicting packages...
warning: dependency cycle detected:
warning: mesa will be installed before its libglvnd dependency
warning: dependency cycle detected:
warning: nvidia-utils will be installed before its libglvnd dependency
warning: dependency cycle detected:
warning: eglexternalplatform will be installed before its libglvnd dependency

Packages (54) cairo-1.18.4-1  default-cursors-3-1  egl-gbm-1.1.2.1-1  egl-wayland-4:1.1.20-1  egl-x11-1.0.3-1  eglexternalplatform-1.2.1-1  fontconfig-2:2.17.1-1  freetype2-2.14.1-1  fribidi-1.0.16-2  graphite-1:1.3.14-5  harfbuzz-12.1.0-1  libdatrie-0.2.13-4  libdecor-0.2.3-1  libdrm-2.4.126-1  libglvnd-1.7.0-3  libpciaccess-0.18.1-2  libpng-1.6.50-1  libthai-0.1.29-3  libx11-1.8.12-1  libxext-1.3.6-1  libxft-2.3.9-1  libxkbcommon-1.11.0-1  libxkbcommon-x11-1.11.0-1  libxrandr-1.5.4-1  libxrender-0.9.12-1  libxshmfence-1.3.3-1  libxxf86vm-1.1.6-1  lm_sensors-1:3.6.2-1  lzo-2.10-5  mesa-1:25.2.5-1  nvidia-utils-580.95.05-1  pango-1:1.57.0-2  pixman-0.46.4-1  python-autocommand-2.2.2-7  python-jaraco.collections-5.1.0-1  python-jaraco.context-6.0.1-1  python-jaraco.functools-4.1.0-1  python-jaraco.text-4.0.0-2  python-more-itertools-10.8.0-1  python-packaging-25.0-1  python-platformdirs-4.5.0-1  python-pyproject-hooks-1.2.0-3  spirv-tools-1:1.4.328.1-1  vulkan-icd-loader-1.4.328.1-1  wayland-1.24.0-1  xkeyboard-config-2.46-1  mesa-utils-9.0.0-7  nvidia-580.95.05-6  python-build-1.3.0-1  python-dbus-1.4.0-1  python-installer-0.7.0-10  python-setuptools-1:80.9.0-2  python-wheel-0.45.1-1  xorg-xrandr-1.5.3-1

Total Download Size:     84.25 MiB
Total Installed Size:  1090.07 MiB

:: Proceed with installation? [Y/n] 
:: Retrieving packages...
 nvidia-580.95.05-6-x86_64 downloading...
 python-setuptools-1:80.9.0-2-any downloading...
 mesa-utils-9.0.0-7-x86_64 downloading...
 python-packaging-25.0-1-any downloading...
 python-more-itertools-10.8.0-1-any downloading...
 python-wheel-0.45.1-1-any downloading...
 python-build-1.3.0-1-any downloading...
 python-installer-0.7.0-10-any downloading...
 xorg-xrandr-1.5.3-1-x86_64 downloading...
 python-platformdirs-4.5.0-1-any downloading...
 libxkbcommon-x11-1.11.0-1-x86_64 downloading...
 libxrender-0.9.12-1-x86_64 downloading...
 libxrandr-1.5.4-1-x86_64 downloading...
 python-autocommand-2.2.2-7-any downloading...
 python-jaraco.collections-5.1.0-1-any downloading...
 python-pyproject-hooks-1.2.0-3-any downloading...
 libpciaccess-0.18.1-2-x86_64 downloading...
 python-jaraco.text-4.0.0-2-any downloading...
 python-jaraco.functools-4.1.0-1-any downloading...
 libxxf86vm-1.1.6-1-x86_64 downloading...
 python-jaraco.context-6.0.1-1-any downloading...
 egl-gbm-1.1.2.1-1-x86_64 downloading...
 eglexternalplatform-1.2.1-1-any downloading...
 libxshmfence-1.3.3-1-x86_64 downloading...
 default-cursors-3-1-any downloading...
checking keyring...
checking package integrity...
loading package files...
checking for file conflicts...
checking available disk space...
:: Processing package changes...
installing python-packaging...
installing python-wheel...
Optional dependencies for python-wheel
    python-keyring: for wheel.signatures
    python-xdg: for wheel.signatures
    python-setuptools: for legacy bdist_wheel subcommand [pending]
installing libx11...
installing libxext...
installing libpciaccess...
installing libdrm...
Optional dependencies for libdrm
    cairo: needed for modetest tool [pending]
installing libxshmfence...
installing libxxf86vm...
installing lm_sensors...
Optional dependencies for lm_sensors
    rrdtool: for logging with sensord
    perl: for sensor detection and configuration convert [installed]
installing spirv-tools...
installing default-cursors...
Optional dependencies for default-cursors
    adwaita-cursors: default cursor theme
installing wayland...
installing mesa...
Optional dependencies for mesa
    opengl-man-pages: for the OpenGL API man pages
installing eglexternalplatform...
installing egl-wayland...
installing egl-gbm...
installing egl-x11...
installing nvidia-utils...
Created symlink '/etc/systemd/system/systemd-suspend.service.wants/nvidia-resume.service' → '/usr/lib/systemd/system/nvidia-resume.service'.
Created symlink '/etc/systemd/system/systemd-hibernate.service.wants/nvidia-resume.service' → '/usr/lib/systemd/system/nvidia-resume.service'.
Created symlink '/etc/systemd/system/systemd-suspend-then-hibernate.service.wants/nvidia-resume.service' → '/usr/lib/systemd/system/nvidia-resume.service'.
Created symlink '/etc/systemd/system/systemd-hibernate.service.wants/nvidia-hibernate.service' → '/usr/lib/systemd/system/nvidia-hibernate.service'.
Created symlink '/etc/systemd/system/systemd-suspend.service.wants/nvidia-suspend.service' → '/usr/lib/systemd/system/nvidia-suspend.service'.
Optional dependencies for nvidia-utils
    nvidia-settings: configuration tool
    xorg-server: Xorg support
    xorg-server-devel: nvidia-xconfig
    opencl-nvidia: OpenCL support
installing libglvnd...
installing libpng...
installing freetype2...
Optional dependencies for freetype2
    harfbuzz: Improved autohinting [pending]
installing fontconfig...
Creating fontconfig configuration...
Rebuilding fontconfig cache...
installing libxrender...
installing lzo...
installing pixman...
installing cairo...
installing fribidi...
installing graphite...
Optional dependencies for graphite
    graphite-docs: Documentation
installing harfbuzz...
Optional dependencies for harfbuzz
    harfbuzz-utils: utilities
installing libdatrie...
installing libthai...
installing libxft...
installing pango...
installing libdecor...
Optional dependencies for libdecor
    gtk3: gtk3 support
installing xkeyboard-config...
installing libxkbcommon...
Optional dependencies for libxkbcommon
    libxkbcommon-x11: xkbcli interactive-x11 [pending]
    wayland: xkbcli interactive-wayland [installed]
installing libxkbcommon-x11...
installing vulkan-icd-loader...
Optional dependencies for vulkan-icd-loader
    vulkan-driver: packaged vulkan driver [installed]
installing mesa-utils...
installing nvidia...
installing python-dbus...
Optional dependencies for python-dbus
    python-gobject: D-Bus services via PyGI
installing python-pyproject-hooks...
installing python-build...
Optional dependencies for python-build
    python-pip: to use as the Python package installer (default)
    python-uv: to use as the Python package installer
    python-virtualenv: to use virtualenv for build isolation
installing python-more-itertools...
installing python-jaraco.functools...
installing python-jaraco.context...
installing python-autocommand...
installing python-jaraco.text...
Optional dependencies for python-jaraco.text
    python-inflect: for show-newlines script
installing python-jaraco.collections...
installing python-platformdirs...
installing python-setuptools...
installing python-installer...
installing libxrandr...
installing xorg-xrandr...
:: Running post-transaction hooks...
(1/9) Creating system user accounts...
Creating group 'nvidia-persistenced' with GID 143.
Creating user 'nvidia-persistenced' (NVIDIA Persistence Daemon) with UID 143 and GID 143.
(2/9) Reloading system manager configuration...
(3/9) Reloading device manager configuration...
(4/9) Arming ConditionNeedsUpdate...
(5/9) Updating fontconfig configuration...
(6/9) Updating module dependencies...
(7/9) Updating linux initcpios...
==> Building image from preset: /etc/mkinitcpio.d/linux.preset: 'default'
==> Using default configuration file: '/etc/mkinitcpio.conf'
  -> -k /boot/vmlinuz-linux -g /boot/initramfs-linux.img
==> Starting build: '6.17.4-arch2-1'
  -> Running build hook: [base]
  -> Running build hook: [udev]
  -> Running build hook: [autodetect]
  -> Running build hook: [microcode]
  -> Running build hook: [modconf]
  -> Running build hook: [kms]
  -> Running build hook: [keyboard]
  -> Running build hook: [keymap]
  -> Running build hook: [consolefont]
==> WARNING: consolefont: no font found in configuration
  -> Running build hook: [block]
  -> Running build hook: [filesystems]
  -> Running build hook: [fsck]
==> Generating module dependencies
==> Creating zstd-compressed initcpio image: '/boot/initramfs-linux.img'
  -> Early uncompressed CPIO image generation successful
==> Initcpio image generation successful
==> Building image from preset: /etc/mkinitcpio.d/linux.preset: 'fallback'
==> Using default configuration file: '/etc/mkinitcpio.conf'
  -> -k /boot/vmlinuz-linux -g /boot/initramfs-linux-fallback.img -S autodetect
==> Starting build: '6.17.4-arch2-1'
  -> Running build hook: [base]
  -> Running build hook: [udev]
  -> Running build hook: [microcode]
  -> Running build hook: [modconf]
  -> Running build hook: [kms]
==> WARNING: Possibly missing firmware for module: 'ast'
  -> Running build hook: [keyboard]
==> WARNING: Possibly missing firmware for module: 'xhci_pci_renesas'
  -> Running build hook: [keymap]
  -> Running build hook: [consolefont]
==> WARNING: consolefont: no font found in configuration
  -> Running build hook: [block]
==> WARNING: Possibly missing firmware for module: 'qla1280'
==> WARNING: Possibly missing firmware for module: 'qla2xxx'
==> WARNING: Possibly missing firmware for module: 'qed'
==> WARNING: Possibly missing firmware for module: 'aic94xx'
==> WARNING: Possibly missing firmware for module: 'bfa'
==> WARNING: Possibly missing firmware for module: 'wd719x'
  -> Running build hook: [filesystems]
  -> Running build hook: [fsck]
==> Generating module dependencies
==> Creating zstd-compressed initcpio image: '/boot/initramfs-linux-fallback.img'
  -> Early uncompressed CPIO image generation successful
==> Initcpio image generation successful
(8/9) Reloading system bus configuration...
(9/9) Updating fontconfig cache...
resolving dependencies...
looking for conflicting packages...
warning: dependency cycle detected:
warning: librsvg will be installed before its gdk-pixbuf2 dependency
warning: dependency cycle detected:
warning: python-poetry-plugin-export will be installed before its python-poetry dependency

Packages (134) adwaita-cursors-49.0-1  adwaita-fonts-49.0-2  adwaita-icon-theme-49.0-1  adwaita-icon-theme-legacy-46.2-3  at-spi2-core-2.58.1-1  bubblewrap-0.11.0-1  dav1d-1.5.1-1  desktop-file-utils-0.28-1  double-conversion-3.3.1-1  gdk-pixbuf2-2.44.3-1  giflib-5.2.2-2  glib-networking-1:2.80.1-1  glycin-2.0.4-1  gobject-introspection-runtime-1.86.0-1  gperftools-2.17.2-1  gsettings-desktop-schemas-49.1-1  gsettings-system-schemas-49.1-1  gtk-update-icon-cache-1:4.20.2-3  highway-1.3.0-1  iso-codes-4.18.0-1  jbigkit-2.1-8  json-glib-1.10.8-1  lcms2-2.17-1  libcloudproviders-0.3.6-2  libcolord-1.4.8-1  libcups-2:2.4.14-1  libdeflate-1.24-1  libepoxy-1.5.10-3  libevdev-1.13.4-1  libgirepository-1.86.0-1  libgudev-238-3  libice-1.1.2-1  libinput-1.29.1-1  libjpeg-turbo-3.1.2-1  libjxl-0.11.1-5  libproxy-0.5.11-1  librsvg-2:2.61.1-1  libsm-1.2.6-1  libsoup3-3.6.5-1  libstemmer-3.0.1-1  libtiff-4.7.1-1  libunwind-1.8.2-1  libwacom-2.16.1-1  libwebp-1.6.0-2  libxcomposite-0.4.6-2  libxcursor-1.2.3-1  libxdamage-1.1.6-2  libxfixes-6.0.2-1  libxi-1.8.2-1  libxinerama-1.1.5-2  libxmu-1.2.1-1  libxt-1.3.1-1  libxtst-1.2.5-1  md4c-0.5.2-1  mtdev-1.1.7-1  python-attrs-25.4.0-1  python-cachecontrol-1:0.14.3-1  python-cachy-0.3.0-11  python-cffi-2.0.0-1  python-charset-normalizer-3.4.4-1  python-cleo-1:2.1.0-1  python-crashtest-0.4.1-4  python-cryptography-46.0.2-1  python-distlib-0.4.0-1  python-dulwich-0.24.6-1  python-dunamai-1.25.0-1  python-fastjsonschema-2.21.2-1  python-filelock-3.20.0-1  python-findpython-0.7.0-1  python-html5lib-1.1-15  python-idna-3.10-2  python-jaraco.classes-3.4.0-2  python-jeepney-0.9.0-1  python-jinja-1:3.1.6-1  python-jsonschema-4.25.1-1  python-jsonschema-specifications-2025.9.1-1  python-keyring-25.6.0-1  python-lark-parser-1.3.0-1  python-lockfile-0.12.2-14  python-mako-1.3.10-1  python-markdown-3.9.0-1  python-markupsafe-3.0.2-1  python-msgpack-1.0.5-3  python-pbs-installer-2025.10.14-1  python-pexpect-4.9.0-4  python-pkginfo-1.12.1.2-1  python-poetry-2.2.1-1  python-poetry-plugin-export-1.9.0-1  python-ptyprocess-0.7.0-8  python-pycparser-2.23-1  python-rapidfuzz-3.14.1-1  python-referencing-0.37.0-1  python-requests-toolbelt-1.0.0-3  python-rpds-py-0.27.1-1  python-secretstorage-3.3.3-6  python-shellingham-1.5.4-3  python-six-1.17.0-1  python-tomlkit-0.13.3-1  python-trove-classifiers-2025.9.11.17-1  python-typing_extensions-4.15.0-1  python-urllib3-2.5.0-1  python-virtualenv-20.35.3-1  python-wcwidth-0.2.14-1  python-webencodings-0.5.1-12  qt5-translations-5.15.17-1  shared-mime-info-2.4-2  tinysparql-3.10.1-1  tslib-1.23-1  xcb-util-0.4.1-2  xcb-util-image-0.4.1-3  xcb-util-keysyms-0.4.1-5  xcb-util-renderutil-0.3.10-2  xcb-util-wm-0.4.2-2  xdg-utils-1.2.1-1  xorg-xprop-1.2.8-1  xorg-xset-1.2.5-2  dmidecode-3.6-1  extra-cmake-modules-6.19.0-1  gobject-introspection-1.86.0-1  gtk3-1:3.24.51-1  python-click-8.2.1-1  python-distro-1.9.0-3  python-gobject-3.54.5-1  python-poetry-core-2.2.1-1  python-poetry-dynamic-versioning-1.9.1-1  python-psutil-7.1.0-1  python-pyasyncore-1.0.4-3  python-pyinotify-0.9.6-15  python-requests-2.32.5-1  python-urwid-3.0.3-1  qt5-base-5.15.17+kde+r123-2  qt5-svg-5.15.17+kde+r5-1  qt5-tools-5.15.17+kde+r3-3  qt5-x11extras-5.15.17-1

Total Download Size:    22.12 MiB
Total Installed Size:  367.27 MiB

:: Proceed with installation? [Y/n] 
:: Retrieving packages...
 qt5-tools-5.15.17+kde+r3-3-x86_64 downloading...
 python-virtualenv-20.35.3-1-any downloading...
 python-rapidfuzz-3.14.1-1-x86_64 downloading...
 python-dulwich-0.24.6-1-x86_64 downloading...
 python-cryptography-46.0.2-1-x86_64 downloading...
 python-poetry-2.2.1-1-any downloading...
 python-urwid-3.0.3-1-any downloading...
 gobject-introspection-1.86.0-1-x86_64 downloading...
 extra-cmake-modules-6.19.0-1-any downloading...
 python-jinja-1:3.1.6-1-any downloading...
 python-cffi-2.0.0-1-x86_64 downloading...
 python-rpds-py-0.27.1-1-x86_64 downloading...
 python-lark-parser-1.3.0-1-any downloading...
 python-poetry-core-2.2.1-1-any downloading...
 python-html5lib-1.1-15-any downloading...
 python-distlib-0.4.0-1-any downloading...
 python-urllib3-2.5.0-1-any downloading...
 python-pycparser-2.23-1-any downloading...
 python-click-8.2.1-1-any downloading...
 python-psutil-7.1.0-1-x86_64 downloading...
 python-jsonschema-4.25.1-1-any downloading...
 python-markdown-3.9.0-1-any downloading...
 python-charset-normalizer-3.4.4-1-x86_64 downloading...
 python-mako-1.3.10-1-any downloading...
 python-cleo-1:2.1.0-1-any downloading...
 python-requests-2.32.5-1-any downloading...
 python-attrs-25.4.0-1-any downloading...
 python-tomlkit-0.13.3-1-any downloading...
 python-pexpect-4.9.0-4-any downloading...
 python-idna-3.10-2-any downloading...
 python-msgpack-1.0.5-3-x86_64 downloading...
 python-typing_extensions-4.15.0-1-any downloading...
 python-requests-toolbelt-1.0.0-3-any downloading...
 python-jeepney-0.9.0-1-any downloading...
 python-pbs-installer-2025.10.14-1-any downloading...
 python-keyring-25.6.0-1-any downloading...
 dmidecode-3.6-1-x86_64 downloading...
 python-referencing-0.37.0-1-any downloading...
 python-pkginfo-1.12.1.2-1-any downloading...
 python-dunamai-1.25.0-1-any downloading...
 python-pyinotify-0.9.6-15-any downloading...
 python-fastjsonschema-2.21.2-1-any downloading...
 python-findpython-0.7.0-1-any downloading...
 python-poetry-dynamic-versioning-1.9.1-1-any downloading...
 python-cachecontrol-1:0.14.3-1-any downloading...
 python-wcwidth-0.2.14-1-any downloading...
 python-distro-1.9.0-3-any downloading...
 python-cachy-0.3.0-11-any downloading...
 xcb-util-wm-0.4.2-2-x86_64 downloading...
 libxcursor-1.2.3-1-x86_64 downloading...
 libproxy-0.5.11-1-x86_64 downloading...
 python-ptyprocess-0.7.0-8-any downloading...
 libxtst-1.2.5-1-x86_64 downloading...
 python-secretstorage-3.3.3-6-any downloading...
 python-filelock-3.20.0-1-any downloading...
 python-six-1.17.0-1-any downloading...
 xorg-xprop-1.2.8-1-x86_64 downloading...
 python-poetry-plugin-export-1.9.0-1-any downloading...
 python-webencodings-0.5.1-12-any downloading...
 python-lockfile-0.12.2-14-any downloading...
 python-pyasyncore-1.0.4-3-any downloading...
 python-markupsafe-3.0.2-1-x86_64 downloading...
 python-trove-classifiers-2025.9.11.17-1-any downloading...
 xorg-xset-1.2.5-2-x86_64 downloading...
 python-shellingham-1.5.4-3-any downloading...
 xcb-util-image-0.4.1-3-x86_64 downloading...
 mtdev-1.1.7-1-x86_64 downloading...
 gtk-update-icon-cache-1:4.20.2-3-x86_64 downloading...
 python-crashtest-0.4.1-4-any downloading...
 python-jsonschema-specifications-2025.9.1-1-any downloading...
 qt5-x11extras-5.15.17-1-x86_64 downloading...
 libxfixes-6.0.2-1-x86_64 downloading...
 python-jaraco.classes-3.4.0-2-any downloading...
 xcb-util-0.4.1-2-x86_64 downloading...
 libxcomposite-0.4.6-2-x86_64 downloading...
 libxinerama-1.1.5-2-x86_64 downloading...
 xcb-util-renderutil-0.3.10-2-x86_64 downloading...
 xcb-util-keysyms-0.4.1-5-x86_64 downloading...
 libxdamage-1.1.6-2-x86_64 downloading...
 gsettings-system-schemas-49.1-1-any downloading...
checking keyring...
checking package integrity...
loading package files...
checking for file conflicts...
checking available disk space...
:: Processing package changes...
installing python-click...
installing adwaita-fonts...
installing adwaita-icon-theme-legacy...
installing adwaita-cursors...
installing adwaita-icon-theme...
installing gsettings-system-schemas...
installing gsettings-desktop-schemas...
installing libxfixes...
installing libxi...
installing libxtst...
installing xorg-xprop...
installing at-spi2-core...
installing desktop-file-utils...
installing bubblewrap...
installing jbigkit...
installing libdeflate...
installing libjpeg-turbo...
Optional dependencies for libjpeg-turbo
    java-runtime>11: for TurboJPEG Java wrapper
installing libwebp...
Optional dependencies for libwebp
    libwebp-utils: WebP conversion and inspection tools
installing libtiff...
Optional dependencies for libtiff
    freeglut: for using tiffgt
installing lcms2...
installing giflib...
installing libunwind...
installing gperftools...
installing highway...
installing libjxl...
Optional dependencies for libjxl
    java-runtime: for JNI bindings
installing dav1d...
Optional dependencies for dav1d
    dav1d-doc: HTML documentation
installing librsvg...
installing glycin...
Optional dependencies for glycin
    libheif: Load .avif, .heic and .heif
installing shared-mime-info...
installing gdk-pixbuf2...
Optional dependencies for gdk-pixbuf2
    libheif: Load .avif, .heic and .heif
    libopenraw: Load .arw, .cr2, .crw, .dng, .erf, .mrw, .nef, .orf, .pef and .raf
    libwmf: Load .apm and .wmf
installing iso-codes...
installing libcloudproviders...
installing libcolord...
installing libcups...
installing libepoxy...
installing libxcomposite...
installing libxcursor...
installing libxdamage...
installing libxinerama...
installing json-glib...
installing libproxy...
installing glib-networking...
installing libsoup3...
Optional dependencies for libsoup3
    samba: Windows Domain SSO
installing libstemmer...
installing tinysparql...
installing gtk-update-icon-cache...
installing gtk3...
Optional dependencies for gtk3
    evince: Default print preview command
installing libgirepository...
installing gobject-introspection-runtime...
installing python-gobject...
Optional dependencies for python-gobject
    python-cairo: Cairo bindings
installing python-pyinotify...
installing extra-cmake-modules...
Optional dependencies for extra-cmake-modules
    python-pyxdg: to generate fastlane metadata for Android apps
    python-requests: to generate fastlane metadata for Android apps [pending]
    python-yaml: to generate fastlane metadata for Android apps
installing python-pyasyncore...
installing dmidecode...
installing xcb-util-keysyms...
installing xcb-util-renderutil...
installing libice...
installing libsm...
installing libxt...
installing libxmu...
installing xorg-xset...
installing xdg-utils...
Optional dependencies for xdg-utils
    kde-cli-tools: for KDE Plasma5 support in xdg-open
    exo: for Xfce support in xdg-open
    pcmanfm: for LXDE support in xdg-open
    perl-file-mimeinfo: for generic support in xdg-open
    perl-net-dbus: Perl extension to dbus used in xdg-screensaver
    perl-x11-protocol: Perl X11 protocol used in xdg-screensaver
installing xcb-util-wm...
installing xcb-util...
installing xcb-util-image...
installing tslib...
installing mtdev...
installing libevdev...
installing libgudev...
installing libwacom...
Optional dependencies for libwacom
    python-libevdev: for libwacom-show-stylus
    python-pyudev: for libwacom-show-stylus
installing libinput...
Optional dependencies for libinput
    gtk4: libinput debug-gui
    python-pyudev: libinput measure
    python-libevdev: libinput measure
    python-yaml: used by various tools
installing double-conversion...
installing md4c...
installing qt5-translations...
installing qt5-base...
Optional dependencies for qt5-base
    qt5-svg: to use SVG icon themes [pending]
    qt5-wayland: to run Qt applications in a Wayland session
    postgresql-libs: PostgreSQL driver
    mariadb-libs: MariaDB driver
    unixodbc: ODBC driver
    libfbclient: Firebird/iBase driver
    freetds: MS SQL driver
    gtk3: GTK platform plugin [installed]
    perl: for fixqt4headers and syncqt [installed]
installing qt5-tools...
Optional dependencies for qt5-tools
    clang: for qdoc
    qt5-declarative: for qdistancefieldgenerator
installing python-markupsafe...
installing python-mako...
Optional dependencies for python-mako
    python-babel: for i18n features
    python-beaker: for caching support
    python-dogpile.cache: for caching support
    python-pygments: for syntax highlighting
    python-pytest: for testing utilities
installing python-markdown...
Optional dependencies for python-markdown
    python-yaml: parse Python in YAML metadata
    python-pygments: Code highlighting
installing gobject-introspection...
installing python-wcwidth...
installing python-urwid...
Optional dependencies for python-urwid
    python-gobject: for gobject integration [installed]
    python-pyserial: for LCD and serial integration
    python-pyzmq: for zmq integration
    python-tornado: for tornado integration
    python-trio: for trio integration
    python-twisted: for twisted integration
installing python-dunamai...
installing python-tomlkit...
installing python-jinja...
Optional dependencies for python-jinja
    python-babel: for i18n support
installing python-filelock...
installing python-msgpack...
installing python-charset-normalizer...
installing python-idna...
installing python-urllib3...
Optional dependencies for python-urllib3
    python-brotli: Brotli support
    python-brotlicffi: Brotli support
    python-h2: HTTP/2 support
    python-pysocks: SOCKS support
    python-zstandard: Zstandard support
installing python-requests...
Optional dependencies for python-requests
    python-chardet: alternative character encoding library
    python-pysocks: SOCKS proxy support
installing python-cachecontrol...
Optional dependencies for python-cachecontrol
    python-lockfile: for filecache [pending]
    python-redis: for redis cache
installing python-cachy...
installing python-crashtest...
installing python-rapidfuzz...
Optional dependencies for python-rapidfuzz
    python-numpy
installing python-typing_extensions...
installing python-cleo...
installing python-dulwich...
Optional dependencies for python-dulwich
    python-fastimport: for fast-import support
    python-gpgme: for PGP signature support
    python-idna: for HTTPS support via urllib3 [installed]
    python-merge3: for merge support
    python-paramiko: for use as the SSH implementation
    python-pyopenssl: for HTTPS support via urllib3
    python-pyinotify: to watch for changes to refs [installed]
    python-rich: for colorized diff support
installing python-fastjsonschema...
installing python-findpython...
installing python-six...
installing python-webencodings...
installing python-html5lib...
Optional dependencies for python-html5lib
    python-lxml: lxml treebuilder
    python-genshi: genshi treewalker
installing python-attrs...
installing python-rpds-py...
installing python-referencing...
installing python-jsonschema-specifications...
installing python-jsonschema...
Optional dependencies for python-jsonschema
    python-isoduration: for duration format
    python-fqdn: for hostname format
    python-idna: for idn-hostname format [installed]
    python-jsonpointer: for json-pointer & relative-json-pointer format
    python-rfc3339-validator: for date-time format
    python-rfc3987: for iri, iri-reference, uri & uri-reference format
    python-uri-template: for uri-template format
    python-webcolors: for color format
installing python-jaraco.classes...
installing python-pycparser...
installing python-cffi...
Optional dependencies for python-cffi
    python-setuptools: "limited api" version checking in cffi.setuptools_ext [installed]
installing python-cryptography...
installing python-jeepney...
Optional dependencies for python-jeepney
    python-trio: support D-Bus applications with Trio
installing python-secretstorage...
installing python-keyring...
Optional dependencies for python-keyring
    libsecret: libsecret backend [installed]
    python-dbus: kwallet backend [installed]
    python-gobject: libsecret backend [installed]
    python-keyrings-alt: Alternative backends
    python-pluggy: devpi client
installing python-lockfile...
installing python-pbs-installer...
Optional dependencies for python-pbs-installer
    python-httpx: for download support
    python-zstandard: for zstd installation support
installing python-ptyprocess...
installing python-pexpect...
installing python-pkginfo...
installing python-lark-parser...
Optional dependencies for python-lark-parser
    python-atomicwrites: for atomic_cache
    python-regex: for regex support
installing python-poetry-core...
installing python-poetry-plugin-export...
installing python-requests-toolbelt...
installing python-shellingham...
installing python-trove-classifiers...
installing python-distlib...
installing python-virtualenv...
installing python-poetry...
Optional dependencies for python-poetry
    python-pip: to use pip with virtual environments
installing python-poetry-dynamic-versioning...
installing qt5-svg...
installing qt5-x11extras...
installing python-psutil...
installing python-distro...
:: Running post-transaction hooks...
( 1/11) Reloading user manager configuration...
( 2/11) Updating udev hardware database...
( 3/11) Reloading device manager configuration...
( 4/11) Arming ConditionNeedsUpdate...
( 5/11) Updating the MIME type database...
( 6/11) Updating fontconfig cache...
( 7/11) Probing GDK-Pixbuf loader modules...
( 8/11) Updating GIO module cache...
( 9/11) Compiling GSettings XML schema files...
(10/11) Probing GTK3 input method modules...
(11/11) Updating icon theme caches...
==> Making package: optimus-manager-git 4:0-1 (Wed 22 Oct 2025 12:21:49 AM IST)
==> Checking runtime dependencies...
==> Checking buildtime dependencies...
==> Retrieving sources...
  -> Updating optimus-manager git repo...
==> Validating source files with sha1sums...
    optimus-manager ... Skipped
==> Removing existing $srcdir/ directory...
==> Extracting sources...
  -> Creating working copy of optimus-manager git repo...
Cloning into 'optimus-manager'...
done.
==> Starting prepare()...
==> Starting pkgver()...
==> Updated version: optimus-manager-git 4:801.python3.13-1
==> Sources are ready.
==> Making package: optimus-manager-git 4:801.python3.13-1 (Wed 22 Oct 2025 12:21:52 AM IST)
==> Checking runtime dependencies...
==> Checking buildtime dependencies...
==> WARNING: Using existing $srcdir/ tree
==> Starting pkgver()...
==> Starting build()...
/usr/lib/python3.13/site-packages/setuptools/dist.py:759: SetuptoolsDeprecationWarning: License classifiers are deprecated.
!!

        ********************************************************************************
        Please consider removing the following classifiers in favor of a SPDX license expression:

        License :: OSI Approved :: MIT License

        See https://packaging.python.org/en/latest/guides/writing-pyproject-toml/#license for details.
        ********************************************************************************

!!
  self._finalize_license_expression()
running build
running build_py
creating build/lib/optimus_manager
copying optimus_manager/var.py -> build/lib/optimus_manager
copying optimus_manager/daemon.py -> build/lib/optimus_manager
copying optimus_manager/sessions.py -> build/lib/optimus_manager
copying optimus_manager/pci.py -> build/lib/optimus_manager
copying optimus_manager/kernel_parameters.py -> build/lib/optimus_manager
copying optimus_manager/config.py -> build/lib/optimus_manager
copying optimus_manager/xorg.py -> build/lib/optimus_manager
copying optimus_manager/processes.py -> build/lib/optimus_manager
copying optimus_manager/checks.py -> build/lib/optimus_manager
copying optimus_manager/log_utils.py -> build/lib/optimus_manager
copying optimus_manager/kernel.py -> build/lib/optimus_manager
copying optimus_manager/envs.py -> build/lib/optimus_manager
copying optimus_manager/acpi_data.py -> build/lib/optimus_manager
copying optimus_manager/__init__.py -> build/lib/optimus_manager
creating build/lib/optimus_manager/hooks
copying optimus_manager/hooks/pre_xorg_start.py -> build/lib/optimus_manager/hooks
copying optimus_manager/hooks/pre_suspend.py -> build/lib/optimus_manager/hooks
copying optimus_manager/hooks/post_resume.py -> build/lib/optimus_manager/hooks
copying optimus_manager/hooks/post_xorg_start.py -> build/lib/optimus_manager/hooks
copying optimus_manager/hooks/pre_daemon_start.py -> build/lib/optimus_manager/hooks
copying optimus_manager/hooks/__init__.py -> build/lib/optimus_manager/hooks
copying optimus_manager/hooks/post_daemon_stop.py -> build/lib/optimus_manager/hooks
creating build/lib/optimus_manager/client
copying optimus_manager/client/client_checks.py -> build/lib/optimus_manager/client
copying optimus_manager/client/args.py -> build/lib/optimus_manager/client
copying optimus_manager/client/error_reporting.py -> build/lib/optimus_manager/client
copying optimus_manager/client/__init__.py -> build/lib/optimus_manager/client
copying optimus_manager/config_schema.json -> build/lib/optimus_manager
==> Entering fakeroot environment...
==> Starting package()...
/usr/lib/python3.13/site-packages/setuptools/dist.py:759: SetuptoolsDeprecationWarning: License classifiers are deprecated.
!!

        ********************************************************************************
        Please consider removing the following classifiers in favor of a SPDX license expression:

        License :: OSI Approved :: MIT License

        See https://packaging.python.org/en/latest/guides/writing-pyproject-toml/#license for details.
        ********************************************************************************

!!
  self._finalize_license_expression()
running install
/usr/lib/python3.13/site-packages/setuptools/_distutils/cmd.py:90: SetuptoolsDeprecationWarning: setup.py install is deprecated.
!!

        ********************************************************************************
        Please avoid running ``setup.py`` directly.
        Instead, use pypa/build, pypa/installer or other
        standards-based tools.

        By 2025-Oct-31, you need to update your project and remove deprecated calls
        or your builds will no longer be supported.

        See https://blog.ganssle.io/articles/2021/10/setup-py-deprecated.html for details.
        ********************************************************************************

!!
  self.initialize_options()
running install_lib
creating /home/exploiter/.cache/yay/optimus-manager-git/pkg/optimus-manager-git/usr/lib/python3.13/site-packages
creating /home/exploiter/.cache/yay/optimus-manager-git/pkg/optimus-manager-git/usr/lib/python3.13/site-packages/optimus_manager
copying build/lib/optimus_manager/var.py -> /home/exploiter/.cache/yay/optimus-manager-git/pkg/optimus-manager-git/usr/lib/python3.13/site-packages/optimus_manager
creating /home/exploiter/.cache/yay/optimus-manager-git/pkg/optimus-manager-git/usr/lib/python3.13/site-packages/optimus_manager/hooks
copying build/lib/optimus_manager/hooks/pre_xorg_start.py -> /home/exploiter/.cache/yay/optimus-manager-git/pkg/optimus-manager-git/usr/lib/python3.13/site-packages/optimus_manager/hooks
copying build/lib/optimus_manager/hooks/pre_suspend.py -> /home/exploiter/.cache/yay/optimus-manager-git/pkg/optimus-manager-git/usr/lib/python3.13/site-packages/optimus_manager/hooks
copying build/lib/optimus_manager/hooks/post_resume.py -> /home/exploiter/.cache/yay/optimus-manager-git/pkg/optimus-manager-git/usr/lib/python3.13/site-packages/optimus_manager/hooks
copying build/lib/optimus_manager/hooks/post_xorg_start.py -> /home/exploiter/.cache/yay/optimus-manager-git/pkg/optimus-manager-git/usr/lib/python3.13/site-packages/optimus_manager/hooks
copying build/lib/optimus_manager/hooks/pre_daemon_start.py -> /home/exploiter/.cache/yay/optimus-manager-git/pkg/optimus-manager-git/usr/lib/python3.13/site-packages/optimus_manager/hooks
copying build/lib/optimus_manager/hooks/__init__.py -> /home/exploiter/.cache/yay/optimus-manager-git/pkg/optimus-manager-git/usr/lib/python3.13/site-packages/optimus_manager/hooks
copying build/lib/optimus_manager/hooks/post_daemon_stop.py -> /home/exploiter/.cache/yay/optimus-manager-git/pkg/optimus-manager-git/usr/lib/python3.13/site-packages/optimus_manager/hooks
copying build/lib/optimus_manager/daemon.py -> /home/exploiter/.cache/yay/optimus-manager-git/pkg/optimus-manager-git/usr/lib/python3.13/site-packages/optimus_manager
copying build/lib/optimus_manager/sessions.py -> /home/exploiter/.cache/yay/optimus-manager-git/pkg/optimus-manager-git/usr/lib/python3.13/site-packages/optimus_manager
copying build/lib/optimus_manager/pci.py -> /home/exploiter/.cache/yay/optimus-manager-git/pkg/optimus-manager-git/usr/lib/python3.13/site-packages/optimus_manager
copying build/lib/optimus_manager/kernel_parameters.py -> /home/exploiter/.cache/yay/optimus-manager-git/pkg/optimus-manager-git/usr/lib/python3.13/site-packages/optimus_manager
copying build/lib/optimus_manager/config.py -> /home/exploiter/.cache/yay/optimus-manager-git/pkg/optimus-manager-git/usr/lib/python3.13/site-packages/optimus_manager
copying build/lib/optimus_manager/xorg.py -> /home/exploiter/.cache/yay/optimus-manager-git/pkg/optimus-manager-git/usr/lib/python3.13/site-packages/optimus_manager
copying build/lib/optimus_manager/processes.py -> /home/exploiter/.cache/yay/optimus-manager-git/pkg/optimus-manager-git/usr/lib/python3.13/site-packages/optimus_manager
copying build/lib/optimus_manager/checks.py -> /home/exploiter/.cache/yay/optimus-manager-git/pkg/optimus-manager-git/usr/lib/python3.13/site-packages/optimus_manager
copying build/lib/optimus_manager/log_utils.py -> /home/exploiter/.cache/yay/optimus-manager-git/pkg/optimus-manager-git/usr/lib/python3.13/site-packages/optimus_manager
copying build/lib/optimus_manager/kernel.py -> /home/exploiter/.cache/yay/optimus-manager-git/pkg/optimus-manager-git/usr/lib/python3.13/site-packages/optimus_manager
copying build/lib/optimus_manager/config_schema.json -> /home/exploiter/.cache/yay/optimus-manager-git/pkg/optimus-manager-git/usr/lib/python3.13/site-packages/optimus_manager
copying build/lib/optimus_manager/envs.py -> /home/exploiter/.cache/yay/optimus-manager-git/pkg/optimus-manager-git/usr/lib/python3.13/site-packages/optimus_manager
copying build/lib/optimus_manager/acpi_data.py -> /home/exploiter/.cache/yay/optimus-manager-git/pkg/optimus-manager-git/usr/lib/python3.13/site-packages/optimus_manager
copying build/lib/optimus_manager/__init__.py -> /home/exploiter/.cache/yay/optimus-manager-git/pkg/optimus-manager-git/usr/lib/python3.13/site-packages/optimus_manager
creating /home/exploiter/.cache/yay/optimus-manager-git/pkg/optimus-manager-git/usr/lib/python3.13/site-packages/optimus_manager/client
copying build/lib/optimus_manager/client/client_checks.py -> /home/exploiter/.cache/yay/optimus-manager-git/pkg/optimus-manager-git/usr/lib/python3.13/site-packages/optimus_manager/client
copying build/lib/optimus_manager/client/args.py -> /home/exploiter/.cache/yay/optimus-manager-git/pkg/optimus-manager-git/usr/lib/python3.13/site-packages/optimus_manager/client
copying build/lib/optimus_manager/client/error_reporting.py -> /home/exploiter/.cache/yay/optimus-manager-git/pkg/optimus-manager-git/usr/lib/python3.13/site-packages/optimus_manager/client
copying build/lib/optimus_manager/client/__init__.py -> /home/exploiter/.cache/yay/optimus-manager-git/pkg/optimus-manager-git/usr/lib/python3.13/site-packages/optimus_manager/client
byte-compiling /home/exploiter/.cache/yay/optimus-manager-git/pkg/optimus-manager-git/usr/lib/python3.13/site-packages/optimus_manager/var.py to var.cpython-313.pyc
byte-compiling /home/exploiter/.cache/yay/optimus-manager-git/pkg/optimus-manager-git/usr/lib/python3.13/site-packages/optimus_manager/hooks/pre_xorg_start.py to pre_xorg_start.cpython-313.pyc
byte-compiling /home/exploiter/.cache/yay/optimus-manager-git/pkg/optimus-manager-git/usr/lib/python3.13/site-packages/optimus_manager/hooks/pre_suspend.py to pre_suspend.cpython-313.pyc
byte-compiling /home/exploiter/.cache/yay/optimus-manager-git/pkg/optimus-manager-git/usr/lib/python3.13/site-packages/optimus_manager/hooks/post_resume.py to post_resume.cpython-313.pyc
byte-compiling /home/exploiter/.cache/yay/optimus-manager-git/pkg/optimus-manager-git/usr/lib/python3.13/site-packages/optimus_manager/hooks/post_xorg_start.py to post_xorg_start.cpython-313.pyc
byte-compiling /home/exploiter/.cache/yay/optimus-manager-git/pkg/optimus-manager-git/usr/lib/python3.13/site-packages/optimus_manager/hooks/pre_daemon_start.py to pre_daemon_start.cpython-313.pyc
byte-compiling /home/exploiter/.cache/yay/optimus-manager-git/pkg/optimus-manager-git/usr/lib/python3.13/site-packages/optimus_manager/hooks/__init__.py to __init__.cpython-313.pyc
byte-compiling /home/exploiter/.cache/yay/optimus-manager-git/pkg/optimus-manager-git/usr/lib/python3.13/site-packages/optimus_manager/hooks/post_daemon_stop.py to post_daemon_stop.cpython-313.pyc
byte-compiling /home/exploiter/.cache/yay/optimus-manager-git/pkg/optimus-manager-git/usr/lib/python3.13/site-packages/optimus_manager/daemon.py to daemon.cpython-313.pyc
byte-compiling /home/exploiter/.cache/yay/optimus-manager-git/pkg/optimus-manager-git/usr/lib/python3.13/site-packages/optimus_manager/sessions.py to sessions.cpython-313.pyc
byte-compiling /home/exploiter/.cache/yay/optimus-manager-git/pkg/optimus-manager-git/usr/lib/python3.13/site-packages/optimus_manager/pci.py to pci.cpython-313.pyc
byte-compiling /home/exploiter/.cache/yay/optimus-manager-git/pkg/optimus-manager-git/usr/lib/python3.13/site-packages/optimus_manager/kernel_parameters.py to kernel_parameters.cpython-313.pyc
byte-compiling /home/exploiter/.cache/yay/optimus-manager-git/pkg/optimus-manager-git/usr/lib/python3.13/site-packages/optimus_manager/config.py to config.cpython-313.pyc
byte-compiling /home/exploiter/.cache/yay/optimus-manager-git/pkg/optimus-manager-git/usr/lib/python3.13/site-packages/optimus_manager/xorg.py to xorg.cpython-313.pyc
byte-compiling /home/exploiter/.cache/yay/optimus-manager-git/pkg/optimus-manager-git/usr/lib/python3.13/site-packages/optimus_manager/processes.py to processes.cpython-313.pyc
byte-compiling /home/exploiter/.cache/yay/optimus-manager-git/pkg/optimus-manager-git/usr/lib/python3.13/site-packages/optimus_manager/checks.py to checks.cpython-313.pyc
byte-compiling /home/exploiter/.cache/yay/optimus-manager-git/pkg/optimus-manager-git/usr/lib/python3.13/site-packages/optimus_manager/log_utils.py to log_utils.cpython-313.pyc
byte-compiling /home/exploiter/.cache/yay/optimus-manager-git/pkg/optimus-manager-git/usr/lib/python3.13/site-packages/optimus_manager/kernel.py to kernel.cpython-313.pyc
byte-compiling /home/exploiter/.cache/yay/optimus-manager-git/pkg/optimus-manager-git/usr/lib/python3.13/site-packages/optimus_manager/envs.py to envs.cpython-313.pyc
byte-compiling /home/exploiter/.cache/yay/optimus-manager-git/pkg/optimus-manager-git/usr/lib/python3.13/site-packages/optimus_manager/acpi_data.py to acpi_data.cpython-313.pyc
byte-compiling /home/exploiter/.cache/yay/optimus-manager-git/pkg/optimus-manager-git/usr/lib/python3.13/site-packages/optimus_manager/__init__.py to __init__.cpython-313.pyc
byte-compiling /home/exploiter/.cache/yay/optimus-manager-git/pkg/optimus-manager-git/usr/lib/python3.13/site-packages/optimus_manager/client/client_checks.py to client_checks.cpython-313.pyc
byte-compiling /home/exploiter/.cache/yay/optimus-manager-git/pkg/optimus-manager-git/usr/lib/python3.13/site-packages/optimus_manager/client/args.py to args.cpython-313.pyc
byte-compiling /home/exploiter/.cache/yay/optimus-manager-git/pkg/optimus-manager-git/usr/lib/python3.13/site-packages/optimus_manager/client/error_reporting.py to error_reporting.cpython-313.pyc
byte-compiling /home/exploiter/.cache/yay/optimus-manager-git/pkg/optimus-manager-git/usr/lib/python3.13/site-packages/optimus_manager/client/__init__.py to __init__.cpython-313.pyc
writing byte-compilation script '/tmp/tmpq3m1zme1.py'
/usr/bin/python3 /tmp/tmpq3m1zme1.py
removing /tmp/tmpq3m1zme1.py
running install_egg_info
running egg_info
creating optimus_manager.egg-info
writing optimus_manager.egg-info/PKG-INFO
writing dependency_links to optimus_manager.egg-info/dependency_links.txt
writing entry points to optimus_manager.egg-info/entry_points.txt
writing top-level names to optimus_manager.egg-info/top_level.txt
writing manifest file 'optimus_manager.egg-info/SOURCES.txt'
reading manifest file 'optimus_manager.egg-info/SOURCES.txt'
adding license file 'LICENSE'
writing manifest file 'optimus_manager.egg-info/SOURCES.txt'
Copying optimus_manager.egg-info to /home/exploiter/.cache/yay/optimus-manager-git/pkg/optimus-manager-git/usr/lib/python3.13/site-packages/optimus_manager-801-py3.13.egg-info
running install_scripts
Installing optimus-manager script to /home/exploiter/.cache/yay/optimus-manager-git/pkg/optimus-manager-git/usr/bin
Installing prime-offload script to /home/exploiter/.cache/yay/optimus-manager-git/pkg/optimus-manager-git/usr/bin
Installing prime-switch script to /home/exploiter/.cache/yay/optimus-manager-git/pkg/optimus-manager-git/usr/bin
==> Tidying install...
  -> Removing libtool files...
  -> Purging unwanted files...
  -> Removing static library files...
  -> Stripping unneeded symbols from binaries and libraries...
  -> Compressing man and info pages...
==> Checking for packaging issues...
==> WARNING: backup entry file not in package : var/lib/optimus-manager/persistent/startup_mode
==> Creating package "optimus-manager-git"...
  -> Generating .PKGINFO file...
  -> Generating .BUILDINFO file...
  -> Adding install file...
  -> Generating .MTREE file...
  -> Compressing package...
==> Leaving fakeroot environment.
==> Finished making: optimus-manager-git 4:801.python3.13-1 (Wed 22 Oct 2025 12:21:55 AM IST)
==> Cleaning up...
loading packages...
resolving dependencies...
looking for conflicting packages...

Packages (1) optimus-manager-git-4:801.python3.13-1

Total Installed Size:  0.33 MiB

:: Proceed with installation? [Y/n] 
checking keyring...
checking package integrity...
loading package files...
checking for file conflicts...
checking available disk space...
:: Processing package changes...
installing optimus-manager-git...
Created symlink '/etc/systemd/system/graphical.target.wants/optimus-manager.service' → '/usr/lib/systemd/system/optimus-manager.service'.
Optional dependencies for optimus-manager-git
    gdm-prime: needed if your login screen is gdm
    bbswitch: alternatively switches GPUs by using standard Optimus ACPI calls
    acpi_call: alternatively switches GPUs by brute forcing ACPI calls
:: Running post-transaction hooks...
(1/2) Reloading system manager configuration...
(2/2) Arming ConditionNeedsUpdate...
==> Making package: auto-cpufreq 2.6.0-2 (Wed 22 Oct 2025 12:21:56 AM IST)
==> Checking runtime dependencies...
==> Checking buildtime dependencies...
==> Retrieving sources...
  -> Found auto-cpufreq-2.6.0.tar.gz
  -> Found auto-cpufreq.service
  -> Found 001-fix-icon-n-style-locations.patch
  -> Found 002-fix-other-icon-path.patch
==> Validating source files with sha256sums...
    auto-cpufreq-2.6.0.tar.gz ... Passed
    auto-cpufreq.service ... Passed
    001-fix-icon-n-style-locations.patch ... Passed
    002-fix-other-icon-path.patch ... Passed
==> Removing existing $srcdir/ directory...
==> Extracting sources...
  -> Extracting auto-cpufreq-2.6.0.tar.gz with bsdtar
==> Starting prepare()...
patching file auto_cpufreq/gui/app.py
patching file auto_cpufreq/gui/objects.py
==> Sources are ready.
==> Making package: auto-cpufreq 2.6.0-2 (Wed 22 Oct 2025 12:21:58 AM IST)
==> Checking runtime dependencies...
==> Checking buildtime dependencies...
==> WARNING: Using existing $srcdir/ tree
==> Starting build()...
* Getting build dependencies for wheel...
* Building wheel...
Successfully built auto_cpufreq-1-py3-none-any.whl
==> Entering fakeroot environment...
==> Starting package()...
==> Tidying install...
  -> Removing libtool files...
  -> Purging unwanted files...
  -> Removing static library files...
  -> Stripping unneeded symbols from binaries and libraries...
  -> Compressing man and info pages...
==> Checking for packaging issues...
==> Creating package "auto-cpufreq"...
  -> Generating .PKGINFO file...
  -> Generating .BUILDINFO file...
  -> Adding install file...
  -> Generating .MTREE file...
  -> Compressing package...
==> Leaving fakeroot environment.
==> Finished making: auto-cpufreq 2.6.0-2 (Wed 22 Oct 2025 12:22:00 AM IST)
==> Cleaning up...
==> Making package: catppuccin-gtk-theme-mocha 1.0.3-1 (Wed 22 Oct 2025 12:22:01 AM IST)
==> Checking runtime dependencies...
==> Checking buildtime dependencies...
==> Retrieving sources...
  -> Found catppuccin-gtk-theme-mocha-1.0.3-blue.zip
  -> Found catppuccin-gtk-theme-mocha-1.0.3-flamingo.zip
  -> Found catppuccin-gtk-theme-mocha-1.0.3-green.zip
  -> Found catppuccin-gtk-theme-mocha-1.0.3-lavender.zip
  -> Found catppuccin-gtk-theme-mocha-1.0.3-maroon.zip
  -> Found catppuccin-gtk-theme-mocha-1.0.3-mauve.zip
  -> Found catppuccin-gtk-theme-mocha-1.0.3-peach.zip
  -> Found catppuccin-gtk-theme-mocha-1.0.3-pink.zip
  -> Found catppuccin-gtk-theme-mocha-1.0.3-red.zip
  -> Found catppuccin-gtk-theme-mocha-1.0.3-rosewater.zip
  -> Found catppuccin-gtk-theme-mocha-1.0.3-sapphire.zip
  -> Found catppuccin-gtk-theme-mocha-1.0.3-sky.zip
  -> Found catppuccin-gtk-theme-mocha-1.0.3-teal.zip
  -> Found catppuccin-gtk-theme-mocha-1.0.3-yellow.zip
==> Validating source files with sha256sums...
    catppuccin-gtk-theme-mocha-1.0.3-blue.zip ... Passed
    catppuccin-gtk-theme-mocha-1.0.3-flamingo.zip ... Passed
    catppuccin-gtk-theme-mocha-1.0.3-green.zip ... Passed
    catppuccin-gtk-theme-mocha-1.0.3-lavender.zip ... Passed
    catppuccin-gtk-theme-mocha-1.0.3-maroon.zip ... Passed
    catppuccin-gtk-theme-mocha-1.0.3-mauve.zip ... Passed
    catppuccin-gtk-theme-mocha-1.0.3-peach.zip ... Passed
    catppuccin-gtk-theme-mocha-1.0.3-pink.zip ... Passed
    catppuccin-gtk-theme-mocha-1.0.3-red.zip ... Passed
    catppuccin-gtk-theme-mocha-1.0.3-rosewater.zip ... Passed
    catppuccin-gtk-theme-mocha-1.0.3-sapphire.zip ... Passed
    catppuccin-gtk-theme-mocha-1.0.3-sky.zip ... Passed
    catppuccin-gtk-theme-mocha-1.0.3-teal.zip ... Passed
    catppuccin-gtk-theme-mocha-1.0.3-yellow.zip ... Passed
==> Removing existing $srcdir/ directory...
==> Extracting sources...
  -> Extracting catppuccin-gtk-theme-mocha-1.0.3-blue.zip with bsdtar
  -> Extracting catppuccin-gtk-theme-mocha-1.0.3-flamingo.zip with bsdtar
  -> Extracting catppuccin-gtk-theme-mocha-1.0.3-green.zip with bsdtar
  -> Extracting catppuccin-gtk-theme-mocha-1.0.3-lavender.zip with bsdtar
  -> Extracting catppuccin-gtk-theme-mocha-1.0.3-maroon.zip with bsdtar
  -> Extracting catppuccin-gtk-theme-mocha-1.0.3-mauve.zip with bsdtar
  -> Extracting catppuccin-gtk-theme-mocha-1.0.3-peach.zip with bsdtar
  -> Extracting catppuccin-gtk-theme-mocha-1.0.3-pink.zip with bsdtar
  -> Extracting catppuccin-gtk-theme-mocha-1.0.3-red.zip with bsdtar
  -> Extracting catppuccin-gtk-theme-mocha-1.0.3-rosewater.zip with bsdtar
  -> Extracting catppuccin-gtk-theme-mocha-1.0.3-sapphire.zip with bsdtar
  -> Extracting catppuccin-gtk-theme-mocha-1.0.3-sky.zip with bsdtar
  -> Extracting catppuccin-gtk-theme-mocha-1.0.3-teal.zip with bsdtar
  -> Extracting catppuccin-gtk-theme-mocha-1.0.3-yellow.zip with bsdtar
==> Sources are ready.
==> Making package: catppuccin-gtk-theme-mocha 1.0.3-1 (Wed 22 Oct 2025 12:22:04 AM IST)
==> Checking runtime dependencies...
==> Checking buildtime dependencies...
==> WARNING: Using existing $srcdir/ tree
==> Entering fakeroot environment...
==> Starting package()...
==> Tidying install...
  -> Removing libtool files...
  -> Purging unwanted files...
  -> Removing static library files...
  -> Stripping unneeded symbols from binaries and libraries...
  -> Compressing man and info pages...
==> Checking for packaging issues...
==> Creating package "catppuccin-gtk-theme-mocha"...
  -> Generating .PKGINFO file...
  -> Generating .BUILDINFO file...
  -> Generating .MTREE file...
  -> Compressing package...
==> Leaving fakeroot environment.
==> Finished making: catppuccin-gtk-theme-mocha 1.0.3-1 (Wed 22 Oct 2025 12:22:21 AM IST)
==> Cleaning up...
==> Making package: optimus-manager-qt 1.6.9-3 (Wed 22 Oct 2025 12:22:22 AM IST)
==> Checking runtime dependencies...
==> Checking buildtime dependencies...
==> Retrieving sources...
  -> Found optimus-manager-qt-1.6.9.tar.gz
==> Validating source files with sha256sums...
    optimus-manager-qt-1.6.9.tar.gz ... Passed
==> Removing existing $srcdir/ directory...
==> Extracting sources...
  -> Extracting optimus-manager-qt-1.6.9.tar.gz with bsdtar
==> Sources are ready.
==> Making package: optimus-manager-qt 1.6.9-3 (Wed 22 Oct 2025 12:22:25 AM IST)
==> Checking runtime dependencies...
==> Checking buildtime dependencies...
==> WARNING: Using existing $srcdir/ tree
==> Starting build()...
CMake Deprecation Warning at CMakeLists.txt:1 (cmake_minimum_required):
  Compatibility with CMake < 3.10 will be removed from a future version of
  CMake.

  Update the VERSION argument <min> value.  Or, use the <min>...<max> syntax
  to tell CMake that the project requires at least <min> but has been updated
  to work with policies introduced by <max> or earlier.


-- The CXX compiler identification is GNU 15.2.1
-- Detecting CXX compiler ABI info
-- Detecting CXX compiler ABI info - done
-- Check for working CXX compiler: /usr/bin/c++ - skipped
-- Detecting CXX compile features
-- Detecting CXX compile features - done
-- Configuring done (0.4s)
-- Generating done (0.0s)
-- Build files have been written to: /home/exploiter/.cache/yay/optimus-manager-qt/src/optimus-manager-qt-1.6.9/build
[  0%] Built target SingleApplication_autogen_timestamp_deps
[  2%] Automatic MOC and UIC for target SingleApplication
[  2%] Built target SingleApplication_autogen
[  5%] Building CXX object src/third-party/singleapplication/CMakeFiles/SingleApplication.dir/SingleApplication_autogen/mocs_compilation.cpp.o
[  8%] Building CXX object src/third-party/singleapplication/CMakeFiles/SingleApplication.dir/singleapplication.cpp.o
[ 11%] Building CXX object src/third-party/singleapplication/CMakeFiles/SingleApplication.dir/singleapplication_p.cpp.o
[ 13%] Linking CXX static library libSingleApplication.a
[ 16%] Built target SingleApplication
[ 16%] Built target optimus-manager-qt_autogen_timestamp_deps
[ 19%] Automatic MOC and UIC for target optimus-manager-qt
[ 19%] Built target optimus-manager-qt_autogen
[ 22%] Generating optimus-manager-qt_zh_CN.qm
Updating '/home/exploiter/.cache/yay/optimus-manager-qt/src/optimus-manager-qt-1.6.9/build/optimus-manager-qt_zh_CN.qm'...
    Generated 125 translation(s) (32 finished and 93 unfinished)
[ 25%] Automatic RCC for data/icons/flags.qrc
[ 27%] Automatic RCC for data/icons/icon-theme.qrc
[ 30%] Generating optimus-manager-qt_de_DE.qm
Updating '/home/exploiter/.cache/yay/optimus-manager-qt/src/optimus-manager-qt-1.6.9/build/optimus-manager-qt_de_DE.qm'...
    Generated 125 translation(s) (62 finished and 63 unfinished)
[ 33%] Generating optimus-manager-qt_es_ES.qm
Updating '/home/exploiter/.cache/yay/optimus-manager-qt/src/optimus-manager-qt-1.6.9/build/optimus-manager-qt_es_ES.qm'...
    Generated 125 translation(s) (59 finished and 66 unfinished)
[ 36%] Generating optimus-manager-qt_fi_FI.qm
Updating '/home/exploiter/.cache/yay/optimus-manager-qt/src/optimus-manager-qt-1.6.9/build/optimus-manager-qt_fi_FI.qm'...
    Generated 125 translation(s) (125 finished and 0 unfinished)
[ 38%] Generating optimus-manager-qt_hu_HU.qm
Updating '/home/exploiter/.cache/yay/optimus-manager-qt/src/optimus-manager-qt-1.6.9/build/optimus-manager-qt_hu_HU.qm'...
    Generated 135 translation(s) (135 finished and 0 unfinished)
[ 41%] Generating optimus-manager-qt_ja_JP.qm
Updating '/home/exploiter/.cache/yay/optimus-manager-qt/src/optimus-manager-qt-1.6.9/build/optimus-manager-qt_ja_JP.qm'...
    Generated 95 translation(s) (95 finished and 0 unfinished)
    Ignored 40 untranslated source text(s)
[ 44%] Generating optimus-manager-qt_nl_NL.qm
Updating '/home/exploiter/.cache/yay/optimus-manager-qt/src/optimus-manager-qt-1.6.9/build/optimus-manager-qt_nl_NL.qm'...
    Generated 135 translation(s) (135 finished and 0 unfinished)
[ 47%] Generating optimus-manager-qt_pt_BR.qm
Updating '/home/exploiter/.cache/yay/optimus-manager-qt/src/optimus-manager-qt-1.6.9/build/optimus-manager-qt_pt_BR.qm'...
    Generated 135 translation(s) (135 finished and 0 unfinished)
[ 50%] Generating optimus-manager-qt_ro_RO.qm
Updating '/home/exploiter/.cache/yay/optimus-manager-qt/src/optimus-manager-qt-1.6.9/build/optimus-manager-qt_ro_RO.qm'...
    Generated 125 translation(s) (125 finished and 0 unfinished)
[ 52%] Generating optimus-manager-qt_ru_RU.qm
Updating '/home/exploiter/.cache/yay/optimus-manager-qt/src/optimus-manager-qt-1.6.9/build/optimus-manager-qt_ru_RU.qm'...
    Generated 138 translation(s) (138 finished and 0 unfinished)
[ 55%] Generating optimus-manager-qt_tr_TR.qm
Updating '/home/exploiter/.cache/yay/optimus-manager-qt/src/optimus-manager-qt-1.6.9/build/optimus-manager-qt_tr_TR.qm'...
    Generated 125 translation(s) (63 finished and 62 unfinished)
[ 58%] Generating optimus-manager-qt_uk_UA.qm
Updating '/home/exploiter/.cache/yay/optimus-manager-qt/src/optimus-manager-qt-1.6.9/build/optimus-manager-qt_uk_UA.qm'...
    Generated 135 translation(s) (135 finished and 0 unfinished)
[ 61%] Building CXX object CMakeFiles/optimus-manager-qt.dir/optimus-manager-qt_autogen/mocs_compilation.cpp.o
[ 63%] Building CXX object CMakeFiles/optimus-manager-qt.dir/src/daemonclient.cpp.o
[ 66%] Building CXX object CMakeFiles/optimus-manager-qt.dir/src/main.cpp.o
[ 69%] Building CXX object CMakeFiles/optimus-manager-qt.dir/src/optimusmanager.cpp.o
[ 72%] Building CXX object CMakeFiles/optimus-manager-qt.dir/src/settings/appsettings.cpp.o
[ 75%] Building CXX object CMakeFiles/optimus-manager-qt.dir/src/settings/autostartmanager/abstractautostartmanager.cpp.o
[ 77%] Building CXX object CMakeFiles/optimus-manager-qt.dir/src/settings/autostartmanager/portalautostartmanager.cpp.o
[ 80%] Building CXX object CMakeFiles/optimus-manager-qt.dir/src/settings/autostartmanager/unixautostartmanager.cpp.o
[ 83%] Building CXX object CMakeFiles/optimus-manager-qt.dir/src/settings/optimussettings.cpp.o
[ 86%] Building CXX object CMakeFiles/optimus-manager-qt.dir/src/settings/settingsdialog.cpp.o
[ 88%] Building CXX object CMakeFiles/optimus-manager-qt.dir/src/xdgdesktopportal.cpp.o
[ 91%] Building CXX object CMakeFiles/optimus-manager-qt.dir/optimus-manager-qt_autogen/CVWNS2FCI5/qrc_flags.cpp.o
[ 94%] Building CXX object CMakeFiles/optimus-manager-qt.dir/optimus-manager-qt_autogen/CVWNS2FCI5/qrc_icon-theme.cpp.o
[ 97%] Linking CXX executable optimus-manager-qt
[100%] Built target optimus-manager-qt
==> Entering fakeroot environment...
==> Starting package()...
-- Install configuration: ""
-- Installing: /home/exploiter/.cache/yay/optimus-manager-qt/pkg/optimus-manager-qt/usr/bin/optimus-manager-qt
-- Installing: /home/exploiter/.cache/yay/optimus-manager-qt/pkg/optimus-manager-qt/usr/share/Optimus Manager/Optimus Manager Qt/translations/optimus-manager-qt_de_DE.qm
-- Installing: /home/exploiter/.cache/yay/optimus-manager-qt/pkg/optimus-manager-qt/usr/share/Optimus Manager/Optimus Manager Qt/translations/optimus-manager-qt_es_ES.qm
-- Installing: /home/exploiter/.cache/yay/optimus-manager-qt/pkg/optimus-manager-qt/usr/share/Optimus Manager/Optimus Manager Qt/translations/optimus-manager-qt_fi_FI.qm
-- Installing: /home/exploiter/.cache/yay/optimus-manager-qt/pkg/optimus-manager-qt/usr/share/Optimus Manager/Optimus Manager Qt/translations/optimus-manager-qt_hu_HU.qm
-- Installing: /home/exploiter/.cache/yay/optimus-manager-qt/pkg/optimus-manager-qt/usr/share/Optimus Manager/Optimus Manager Qt/translations/optimus-manager-qt_ja_JP.qm
-- Installing: /home/exploiter/.cache/yay/optimus-manager-qt/pkg/optimus-manager-qt/usr/share/Optimus Manager/Optimus Manager Qt/translations/optimus-manager-qt_nl_NL.qm
-- Installing: /home/exploiter/.cache/yay/optimus-manager-qt/pkg/optimus-manager-qt/usr/share/Optimus Manager/Optimus Manager Qt/translations/optimus-manager-qt_pt_BR.qm
-- Installing: /home/exploiter/.cache/yay/optimus-manager-qt/pkg/optimus-manager-qt/usr/share/Optimus Manager/Optimus Manager Qt/translations/optimus-manager-qt_ro_RO.qm
-- Installing: /home/exploiter/.cache/yay/optimus-manager-qt/pkg/optimus-manager-qt/usr/share/Optimus Manager/Optimus Manager Qt/translations/optimus-manager-qt_ru_RU.qm
-- Installing: /home/exploiter/.cache/yay/optimus-manager-qt/pkg/optimus-manager-qt/usr/share/Optimus Manager/Optimus Manager Qt/translations/optimus-manager-qt_tr_TR.qm
-- Installing: /home/exploiter/.cache/yay/optimus-manager-qt/pkg/optimus-manager-qt/usr/share/Optimus Manager/Optimus Manager Qt/translations/optimus-manager-qt_uk_UA.qm
-- Installing: /home/exploiter/.cache/yay/optimus-manager-qt/pkg/optimus-manager-qt/usr/share/Optimus Manager/Optimus Manager Qt/translations/optimus-manager-qt_zh_CN.qm
-- Installing: /home/exploiter/.cache/yay/optimus-manager-qt/pkg/optimus-manager-qt/usr/share/applications/io.optimus_manager.OptimusManagerQt.desktop
-- Installing: /home/exploiter/.cache/yay/optimus-manager-qt/pkg/optimus-manager-qt/usr/share/icons/hicolor/128x128/apps/optimus-manager.svg
-- Installing: /home/exploiter/.cache/yay/optimus-manager-qt/pkg/optimus-manager-qt/usr/share/icons/hicolor/16x16/apps/optimus-manager.svg
-- Installing: /home/exploiter/.cache/yay/optimus-manager-qt/pkg/optimus-manager-qt/usr/share/icons/hicolor/16x16/status/cpu.svg
-- Installing: /home/exploiter/.cache/yay/optimus-manager-qt/pkg/optimus-manager-qt/usr/share/icons/hicolor/16x16/status/prime-hybrid.svg
-- Installing: /home/exploiter/.cache/yay/optimus-manager-qt/pkg/optimus-manager-qt/usr/share/icons/hicolor/16x16/status/prime-nvidia.svg
-- Installing: /home/exploiter/.cache/yay/optimus-manager-qt/pkg/optimus-manager-qt/usr/share/icons/hicolor/22x22/apps/optimus-manager.svg
-- Installing: /home/exploiter/.cache/yay/optimus-manager-qt/pkg/optimus-manager-qt/usr/share/icons/hicolor/22x22/status/cpu.svg
-- Installing: /home/exploiter/.cache/yay/optimus-manager-qt/pkg/optimus-manager-qt/usr/share/icons/hicolor/22x22/status/prime-hybrid.svg
-- Installing: /home/exploiter/.cache/yay/optimus-manager-qt/pkg/optimus-manager-qt/usr/share/icons/hicolor/22x22/status/prime-nvidia.svg
-- Installing: /home/exploiter/.cache/yay/optimus-manager-qt/pkg/optimus-manager-qt/usr/share/icons/hicolor/24x24/apps/optimus-manager.svg
-- Installing: /home/exploiter/.cache/yay/optimus-manager-qt/pkg/optimus-manager-qt/usr/share/icons/hicolor/24x24/status/cpu.svg
-- Installing: /home/exploiter/.cache/yay/optimus-manager-qt/pkg/optimus-manager-qt/usr/share/icons/hicolor/24x24/status/prime-intel.svg
-- Installing: /home/exploiter/.cache/yay/optimus-manager-qt/pkg/optimus-manager-qt/usr/share/icons/hicolor/24x24/status/prime-nvidia.svg
-- Installing: /home/exploiter/.cache/yay/optimus-manager-qt/pkg/optimus-manager-qt/usr/share/icons/hicolor/256x256/apps/optimus-manager.svg
-- Installing: /home/exploiter/.cache/yay/optimus-manager-qt/pkg/optimus-manager-qt/usr/share/icons/hicolor/48x48/apps/optimus-manager.svg
-- Installing: /home/exploiter/.cache/yay/optimus-manager-qt/pkg/optimus-manager-qt/usr/share/icons/hicolor/512x512/apps/optimus-manager.svg
-- Installing: /home/exploiter/.cache/yay/optimus-manager-qt/pkg/optimus-manager-qt/usr/share/icons/hicolor/64x64/apps/optimus-manager.svg
-- Installing: /home/exploiter/.cache/yay/optimus-manager-qt/pkg/optimus-manager-qt/usr/share/icons/hicolor/96x96/apps/optimus-manager.svg
-- Installing: /home/exploiter/.cache/yay/optimus-manager-qt/pkg/optimus-manager-qt/usr/share/icons/hicolor/scalable/apps/optimus-manager.svg
==> Tidying install...
  -> Removing libtool files...
  -> Purging unwanted files...
  -> Removing static library files...
  -> Stripping unneeded symbols from binaries and libraries...
  -> Compressing man and info pages...
==> Checking for packaging issues...
==> Creating package "optimus-manager-qt"...
  -> Generating .PKGINFO file...
  -> Generating .BUILDINFO file...
  -> Generating .MTREE file...
  -> Compressing package...
==> Creating package "optimus-manager-qt-debug"...
  -> Generating .PKGINFO file...
  -> Generating .BUILDINFO file...
  -> Generating .MTREE file...
  -> Compressing package...
==> Leaving fakeroot environment.
==> Finished making: optimus-manager-qt 1.6.9-3 (Wed 22 Oct 2025 12:22:41 AM IST)
==> Cleaning up...
loading packages...
resolving dependencies...
looking for conflicting packages...

Packages (4) auto-cpufreq-2.6.0-2  catppuccin-gtk-theme-mocha-1.0.3-1  optimus-manager-qt-1.6.9-3  optimus-manager-qt-debug-1.6.9-3

Total Installed Size:  25.35 MiB

:: Proceed with installation? [Y/n] 
checking keyring...
checking package integrity...
loading package files...
checking for file conflicts...
checking available disk space...
:: Processing package changes...
installing auto-cpufreq...

auto-cpufreq 2.6.0-2 installed

Important notice: the daemon installer provided does not work, instead run the following command:

systemctl enable --now auto-cpufreq

To view live log, run:

auto-cpufreq --stats

installing catppuccin-gtk-theme-mocha...
installing optimus-manager-qt...
installing optimus-manager-qt-debug...
:: Running post-transaction hooks...
(1/4) Reloading system manager configuration...
(2/4) Arming ConditionNeedsUpdate...
(3/4) Updating icon theme caches...
(4/4) Updating the desktop file MIME type cache...
[0;32m[OK][0m Successfully installed 3 packages via yay
[1;33m[WARN][0m Some packages failed to install
[1;33m[WARN][0m Some packages failed to install, continuing...
0000:01:00.0 VGA compatible controller: NVIDIA Corporation GA107M [GeForce RTX 3050 Mobile] (rev a1)
0000:01:00.1 Audio device: NVIDIA Corporation GA107 High Definition Audio Controller (rev a1)
[0;34m[INFO][0m NVIDIA GPU detected
Would you like to configure NVIDIA drivers? [y/n]: [0;34m[INFO][0m Starting NVIDIA GPU configuration...
[0;31m[ERROR][0m NVIDIA packages not installed. Please install them before running configuration.
[1;33m[WARN][0m NVIDIA configuration failed, continuing with other components

[0;36m============================================================[0m
[0;36m          Installing Alacritty Terminal Emulator          [0m
[0;36m============================================================[0m

[0;34m[INFO][0m Installing Alacritty packages for arch...
[0;34m[INFO][0m Installing 3 packages: alacritty ttf-cascadia-code ttf-firacode-nerd
resolving dependencies...
looking for conflicting packages...

Packages (3) alacritty-0.16.1-1  ttf-cascadia-code-2407.24-2  ttf-firacode-nerd-3.4.0-1

Total Download Size:    7.04 MiB
Total Installed Size:  68.38 MiB

:: Proceed with installation? [Y/n] 
:: Retrieving packages...
 ttf-firacode-nerd-3.4.0-1-any downloading...
 alacritty-0.16.1-1-x86_64 downloading...
 ttf-cascadia-code-2407.24-2-any downloading...
checking keyring...
checking package integrity...
loading package files...
checking for file conflicts...
checking available disk space...
:: Processing package changes...
installing alacritty...
Optional dependencies for alacritty
    ncurses: for alacritty terminfo database [installed]
installing ttf-cascadia-code...
installing ttf-firacode-nerd...
:: Running post-transaction hooks...
(1/3) Arming ConditionNeedsUpdate...
(2/3) Updating fontconfig cache...
(3/3) Updating the desktop file MIME type cache...
[0;32m[OK][0m Successfully installed 3 packages via pacman
[0;32m[OK][0m Alacritty packages installed successfully
[0;34m[INFO][0m Applying Alacritty configuration...
[0;32m[OK][0m Alacritty configuration applied
[0;34m[INFO][0m Validating Alacritty installation...
[0;32m[OK][0m Alacritty validation passed
Set Alacritty as default terminal? [y/N]: [0;32m[OK][0m Alacritty setup complete

[0;36m============================================================[0m
[0;36m            Installing Hyprland Window Manager            [0m
[0;36m============================================================[0m

[0;34m[INFO][0m Installing Hyprland for arch...
[0;35m[DEBUG][0m Package already installed: wayland
[0;34m[INFO][0m Installing 6 packages: hyprland xdg-desktop-portal-hyprland hyprpaper hypridle hyprlock wl-clipboard
resolving dependencies...
looking for conflicting packages...

Packages (50) aquamarine-0.9.5-4  fuse-common-3.17.1-1  fuse3-3.17.1-1  glslang-1:1.4.328.1-1  graphene-1.10.8-2  gst-plugins-base-libs-1.26.7-1  gstreamer-1.26.7-1  hyprcursor-0.1.13-2  hyprgraphics-0.2.0-2  hyprland-qt-support-0.1.0-9  hyprland-qtutils-0.1.5-4  hyprlang-0.6.4-3  hyprutils-0.10.0-1  hyprwayland-scanner-0.4.5-1  libb2-0.98.1-3  libdisplay-info-0.3.0-1  libei-1.5.0-1  libfontenc-1.1.8-1  libinih-61-1  libliftoff-0.5.0-1  libxcvt-0.1.3-1  libxfont2-2.0.7-1  libxkbfile-1.1.3-1  libxv-1.0.13-1  libzip-1.11.4-1  orc-0.4.41-1  pugixml-1.15-2  qt6-base-6.10.0-1  qt6-declarative-6.10.0-2  qt6-translations-6.10.0-1  re2-1:20240702-7  rtkit-0.13-3  sdbus-cpp-2.1.0-2  seatd-0.9.1-1  tomlplusplus-3.4.0-1  wayland-protocols-1.45-1  xcb-util-cursor-0.1.6-1  xcb-util-errors-1.0.1-2  xdg-desktop-portal-1.20.3-2  xorg-fonts-encodings-1.1.0-1  xorg-server-common-21.1.18-2  xorg-setxkbmap-1.3.4-2  xorg-xkbcomp-1.4.7-1  xorg-xwayland-24.1.8-1  hypridle-0.1.7-4  hyprland-0.51.1-6  hyprlock-0.9.2-3  hyprpaper-0.7.6-1  wl-clipboard-1:2.2.1-3  xdg-desktop-portal-hyprland-1.3.11-1

Total Download Size:    67.82 MiB
Total Installed Size:  304.08 MiB

:: Proceed with installation? [Y/n] 
:: Retrieving packages...
 hyprland-0.51.1-6-x86_64 downloading...
 qt6-declarative-6.10.0-2-x86_64 downloading...
 glslang-1:1.4.328.1-1-x86_64 downloading...
 aquamarine-0.9.5-4-x86_64 downloading...
 libzip-1.11.4-1-x86_64 downloading...
 xdg-desktop-portal-hyprland-1.3.11-1-x86_64 downloading...
 hyprcursor-0.1.13-2-x86_64 downloading...
 tomlplusplus-3.4.0-1-x86_64 downloading...
 re2-1:20240702-7-x86_64 downloading...
 libdisplay-info-0.3.0-1-x86_64 downloading...
 hyprland-qtutils-0.1.5-4-x86_64 downloading...
 hyprpaper-0.7.6-1-x86_64 downloading...
 hyprland-qt-support-0.1.0-9-x86_64 downloading...
 seatd-0.9.1-1-x86_64 downloading...
 wl-clipboard-1:2.2.1-3-x86_64 downloading...
 xorg-server-common-21.1.18-2-x86_64 downloading...
 rtkit-0.13-3-x86_64 downloading...
 libliftoff-0.5.0-1-x86_64 downloading...
 libinih-61-1-x86_64 downloading...
 libfontenc-1.1.8-1-x86_64 downloading...
 xorg-setxkbmap-1.3.4-2-x86_64 downloading...
 xcb-util-errors-1.0.1-2-x86_64 downloading...
 xcb-util-cursor-0.1.6-1-x86_64 downloading...
 libxcvt-0.1.3-1-x86_64 downloading...
 fuse-common-3.17.1-1-x86_64 downloading...
checking keyring...
checking package integrity...
loading package files...
checking for file conflicts...
checking available disk space...
:: Processing package changes...
installing hyprutils...
installing pugixml...
installing hyprwayland-scanner...
installing libdisplay-info...
installing seatd...
installing wayland-protocols...
installing aquamarine...
installing glslang...
installing hyprlang...
installing libzip...
installing tomlplusplus...
installing hyprcursor...
installing hyprgraphics...
installing libb2...
installing xcb-util-cursor...
installing qt6-translations...
installing qt6-base...
Optional dependencies for qt6-base
    freetds: MS SQL driver
    gdk-pixbuf2: GTK platform plugin [installed]
    gtk3: GTK platform plugin [installed]
    libfbclient: Firebird/iBase driver
    mariadb-libs: MariaDB driver
    pango: GTK platform plugin [installed]
    perl: for syncqt [installed]
    postgresql-libs: PostgreSQL driver
    unixodbc: ODBC driver
installing qt6-declarative...
Optional dependencies for qt6-declarative
    qt6-svg: for QtQuickVectorImage and svgtoqml
installing hyprland-qt-support...
installing hyprland-qtutils...
installing libliftoff...
installing re2...
installing xcb-util-errors...
installing xorg-fonts-encodings...
installing libfontenc...
installing libxfont2...
installing libxkbfile...
installing xorg-xkbcomp...
installing xorg-setxkbmap...
installing xorg-server-common...
installing libxcvt...
installing libei...
installing xorg-xwayland...
installing hyprland...
Optional dependencies for hyprland
    cmake: to build and install plugins using hyprpm [installed]
    cpio: to build and install plugins using hyprpm
    glaze: to build and install plugins using hyprpm
    hyprland-protocols: to build and install plugins using hyprpm
    meson: to build and install plugins using hyprpm
    uwsm: the recommended way to start Hyprland
installing libinih...
installing sdbus-cpp...
installing fuse-common...
installing fuse3...
installing gstreamer...
Optional dependencies for gstreamer
    python: gst-plugins-doc-cache-generator [installed]
installing graphene...
installing libxv...
installing orc...
installing gst-plugins-base-libs...
installing rtkit...
installing xdg-desktop-portal...
Optional dependencies for xdg-desktop-portal
    geoclue: Geolocation portal
    xdg-desktop-portal-impl: Portal backends [pending]
installing xdg-desktop-portal-hyprland...
Optional dependencies for xdg-desktop-portal-hyprland
    grim: required for the screenshot portal to function
    slurp: support for interactive mode for the screenshot portal
installing hyprpaper...
installing hypridle...
installing hyprlock...
installing wl-clipboard...
Optional dependencies for wl-clipboard
    xdg-utils: for content type inference in wl-copy [installed]
    mailcap: for type inference in wl-paste
:: Running post-transaction hooks...
(1/8) Creating system user accounts...
Creating group 'seat' with GID 968.
Creating group 'rtkit' with GID 133.
Creating user 'rtkit' (RealtimeKit) with UID 133 and GID 133.
(2/8) Reloading system manager configuration...
(3/8) Reloading user manager configuration...
(4/8) Reloading device manager configuration...
(5/8) Arming ConditionNeedsUpdate...
(6/8) Reloading system bus configuration...
(7/8) Updating fontconfig cache...
(8/8) Updating the desktop file MIME type cache...
[0;32m[OK][0m Successfully installed 6 packages via pacman
[0;32m[OK][0m Hyprland installed successfully
[0;34m[INFO][0m Applying Hyprland configuration...
[0;34m[INFO][0m Applying hyprmocha configuration...
[0;34m[INFO][0m Applying hyprlock configuration...
[0;34m[INFO][0m Applying hyprpaper configuration...
[0;34m[INFO][0m Applying backgrounds configuration...
[0;32m[OK][0m Hyprland configuration applied
[0;34m[INFO][0m Validating Hyprland installation...
[0;32m[OK][0m Hyprland validation passed
[0;32m[OK][0m Hyprland installation complete
[0;34m[INFO][0m ➡ Log out and select 'Hyprland' in your display manager

[0;36m============================================================[0m
[0;36m            Installing Kitty Terminal Emulator            [0m
[0;36m============================================================[0m

[0;34m[INFO][0m Installing Kitty for arch...
[0;35m[DEBUG][0m Package already installed: ttf-firacode-nerd
[0;34m[INFO][0m Installing 2 packages: kitty ttf-jetbrains-mono-nerd
resolving dependencies...
looking for conflicting packages...

Packages (5) kitty-shell-integration-0.43.1-1  kitty-terminfo-0.43.1-1  librsync-1:2.3.4-2  kitty-0.43.1-1  ttf-jetbrains-mono-nerd-3.4.0-1

Total Download Size:    29.45 MiB
Total Installed Size:  282.41 MiB

:: Proceed with installation? [Y/n] 
:: Retrieving packages...
 kitty-0.43.1-1-x86_64 downloading...
 ttf-jetbrains-mono-nerd-3.4.0-1-any downloading...
 librsync-1:2.3.4-2-x86_64 downloading...
 kitty-shell-integration-0.43.1-1-x86_64 downloading...
 kitty-terminfo-0.43.1-1-x86_64 downloading...
checking keyring...
checking package integrity...
loading package files...
checking for file conflicts...
checking available disk space...
:: Processing package changes...
installing librsync...
installing kitty-terminfo...
installing kitty-shell-integration...
Optional dependencies for kitty-shell-integration
    bash: Bash completions [installed]
    zsh: ZSH completions
    fish: Fish completions
installing kitty...
Optional dependencies for kitty
    imagemagick: viewing images with icat
    python-pygments: syntax highlighting in kitty +kitten diff
    libcanberra: playing "bell" sound on terminal bell
installing ttf-jetbrains-mono-nerd...
:: Running post-transaction hooks...
(1/4) Arming ConditionNeedsUpdate...
(2/4) Updating fontconfig cache...
(3/4) Updating icon theme caches...
(4/4) Updating the desktop file MIME type cache...
[0;32m[OK][0m Successfully installed 2 packages via pacman
[0;32m[OK][0m Kitty packages installed
[0;34m[INFO][0m Applying Kitty configuration...
[0;32m[OK][0m Kitty configuration applied
[0;34m[INFO][0m Validating Kitty installation...
[0;32m[OK][0m Kitty validation passed
Set Kitty as default terminal? [y/N]: [0;32m[OK][0m Kitty setup complete

[0;36m============================================================[0m
[0;36m                 Installing Neovim Editor                 [0m
[0;36m============================================================[0m

[0;34m[INFO][0m Installing Neovim packages for arch...
[0;34m[INFO][0m Installing 6 packages: neovim nodejs npm python-pip ripgrep fd
resolving dependencies...
looking for conflicting packages...

Packages (26) c-ares-1.34.5-1  libluv-1.48.0_2-1  libngtcp2-1.16.0-1  libutf8proc-2.10.0-2  libvterm-0.3.3-2  lua51-lpeg-1.1.0-4  luajit-2.1.1753364724-1  msgpack-c-6.1.0-2  node-gyp-11.5.0-1  nodejs-nopt-7.2.1-1  semver-7.7.3-1  simdjson-1:4.0.7-1  tree-sitter-0.25.10-1  tree-sitter-c-0.24.1-1  tree-sitter-lua-0.4.0-1  tree-sitter-markdown-0.5.1-1  tree-sitter-query-0.7.0-1  tree-sitter-vim-0.7.0-1  tree-sitter-vimdoc-4.0.0-1  unibilium-2.1.2-1  fd-10.3.0-1  neovim-0.11.4-1  nodejs-24.9.0-1  npm-11.6.2-1  python-pip-25.2-1  ripgrep-14.1.1-1

Total Download Size:    33.07 MiB
Total Installed Size:  148.62 MiB

:: Proceed with installation? [Y/n] 
:: Retrieving packages...
 nodejs-24.9.0-1-x86_64 downloading...
 neovim-0.11.4-1-x86_64 downloading...
 python-pip-25.2-1-any downloading...
 npm-11.6.2-1-any downloading...
 ripgrep-14.1.1-1-x86_64 downloading...
 fd-10.3.0-1-x86_64 downloading...
 node-gyp-11.5.0-1-any downloading...
 luajit-2.1.1753364724-1-x86_64 downloading...
 simdjson-1:4.0.7-1-x86_64 downloading...
 libngtcp2-1.16.0-1-x86_64 downloading...
 tree-sitter-vim-0.7.0-1-x86_64 downloading...
 tree-sitter-markdown-0.5.1-1-x86_64 downloading...
 unibilium-2.1.2-1-x86_64 downloading...
 libutf8proc-2.10.0-2-x86_64 downloading...
 tree-sitter-c-0.24.1-1-x86_64 downloading...
 libluv-1.48.0_2-1-x86_64 downloading...
 libvterm-0.3.3-2-x86_64 downloading...
 tree-sitter-vimdoc-4.0.0-1-x86_64 downloading...
 msgpack-c-6.1.0-2-x86_64 downloading...
 semver-7.7.3-1-any downloading...
 lua51-lpeg-1.1.0-4-x86_64 downloading...
 tree-sitter-lua-0.4.0-1-x86_64 downloading...
 tree-sitter-query-0.7.0-1-x86_64 downloading...
 nodejs-nopt-7.2.1-1-any downloading...
checking keyring...
checking package integrity...
loading package files...
checking for file conflicts...
checking available disk space...
:: Processing package changes...
installing luajit...
installing libluv...
installing libutf8proc...
installing libvterm...
installing lua51-lpeg...
installing msgpack-c...
installing tree-sitter...
installing tree-sitter-c...
Optional dependencies for tree-sitter-c
    tree-sitter: core library [installed]
installing tree-sitter-lua...
Optional dependencies for tree-sitter-lua
    tree-sitter: core library [installed]
installing tree-sitter-markdown...
Optional dependencies for tree-sitter-markdown
    tree-sitter: core library [installed]
installing tree-sitter-query...
Optional dependencies for tree-sitter-query
    tree-sitter: core library [installed]
installing tree-sitter-vim...
Optional dependencies for tree-sitter-vim
    tree-sitter: core library [installed]
installing tree-sitter-vimdoc...
Optional dependencies for tree-sitter-vimdoc
    tree-sitter: core library [installed]
installing unibilium...
installing neovim...
Optional dependencies for neovim
    python-pynvim: for Python plugin support (see :help python)
    xclip: for clipboard support on X11 (or xsel) (see :help clipboard)
    xsel: for clipboard support on X11 (or xclip) (see :help clipboard)
    wl-clipboard: for clipboard support on wayland (see :help clipboard) [installed]
installing c-ares...
installing libngtcp2...
installing simdjson...
installing nodejs...
Optional dependencies for nodejs
    npm: nodejs package manager [pending]
installing nodejs-nopt...
installing semver...
installing node-gyp...
Optional dependencies for node-gyp
    gcc: to build C++ modules [installed]
    make: to build C++ modules [installed]
    python: to build C++ modules [installed]
installing npm...
Optional dependencies for npm
    git: for dependencies using Git URL's [installed]
installing python-pip...
installing ripgrep...
installing fd...
:: Running post-transaction hooks...
(1/3) Arming ConditionNeedsUpdate...
(2/3) Updating icon theme caches...
(3/3) Updating the desktop file MIME type cache...
[0;32m[OK][0m Successfully installed 6 packages via pacman
[0;32m[OK][0m Neovim packages installed successfully
[0;34m[INFO][0m Applying Neovim configuration...
[0;32m[OK][0m Neovim configuration applied
Install language servers? [Y/n]: Set Neovim as default editor? [y/N]: Initialize plugins now? [Y/n]: [0;34m[INFO][0m Initializing Neovim plugins...
[0;34m[INFO][0m Running Neovim to initialize plugins (this may take a moment)...
[0;32m[OK][0m Neovim plugins initialized successfully
[0;34m[INFO][0m Validating Neovim installation...
[0;32m[OK][0m Neovim validation passed
[0;32m[OK][0m Neovim setup complete — run ':checkhealth' to verify

[0;36m============================================================[0m
[0;36m          Installing Starship Cross-Shell Prompt          [0m
[0;36m============================================================[0m

[0;34m[INFO][0m Installing Starship from Arch repositories...
[0;35m[DEBUG][0m Package already installed: ttf-jetbrains-mono-nerd
[0;34m[INFO][0m Installing 1 packages: starship
resolving dependencies...
looking for conflicting packages...

Packages (1) starship-1.23.0-1

Total Download Size:    3.50 MiB
Total Installed Size:  11.04 MiB

:: Proceed with installation? [Y/n] 
:: Retrieving packages...
 starship-1.23.0-1-x86_64 downloading...
checking keyring...
checking package integrity...
loading package files...
checking for file conflicts...
checking available disk space...
:: Processing package changes...
installing starship...
Optional dependencies for starship
    ttf-font-nerd: Nerd Font Symbols preset [installed]
:: Running post-transaction hooks...
(1/1) Arming ConditionNeedsUpdate...
[0;32m[OK][0m Successfully installed 1 packages via pacman
[0;32m[OK][0m Starship binary installed
[0;34m[INFO][0m Applying Starship configuration...
[0;32m[OK][0m Starship configuration applied
[0;34m[INFO][0m Validating Starship installation...
[0;32m[OK][0m Starship validation passed
Test Starship prompt? [Y/n]: [0;34m[INFO][0m Testing Starship prompt...
[0;35m[DEBUG][0m Prompt preview: 
[38;2;49;50;68m[48;2;49;50;68;38;2;205;214;244m󰣇 exploit...
[0;32m[OK][0m Starship prompt test successful
[0;32m[OK][0m Starship setup complete — restart your shell to see it

[0;36m============================================================[0m
[0;36m          Installing SwayNC Notification Daemon          [0m
[0;36m============================================================[0m

[0;34m[INFO][0m Installing SwayNC packages for arch...
[0;34m[INFO][0m Installing 1 packages: swaync
resolving dependencies...
looking for conflicting packages...

Packages (15) appstream-1.1.1-1  granite7-7.6.0-1  gssdp-1.6.4-1  gst-plugins-bad-libs-1.26.7-1  gtk4-1:4.20.2-3  gtk4-layer-shell-1.2.0-1  gupnp-1:1.6.9-1  gupnp-igd-1.6.0-2  libadwaita-1:1.8.1-1  libfyaml-0.9-1  libgee-0.20.8-1  libnice-0.1.22-2  libva-2.22.0-1  libxmlb-0.3.24-1  swaync-0.12.2-1

Total Download Size:    0.67 MiB
Total Installed Size:  93.52 MiB

:: Proceed with installation? [Y/n] 
:: Retrieving packages...
 libgee-0.20.8-1-x86_64 downloading...
 swaync-0.12.2-1-x86_64 downloading...
 granite7-7.6.0-1-x86_64 downloading...
 gupnp-igd-1.6.0-2-x86_64 downloading...
checking keyring...
checking package integrity...
loading package files...
checking for file conflicts...
checking available disk space...
:: Processing package changes...
installing gssdp...
Optional dependencies for gssdp
    gtk4: gssdp-device-sniffer [pending]
installing gupnp...
Optional dependencies for gupnp
    python: gupnp-binding-tool [installed]
installing gupnp-igd...
installing libnice...
Optional dependencies for libnice
    gstreamer: "nice" GStreamer plugin [installed]
installing libva...
Optional dependencies for libva
    intel-media-driver: backend for Intel GPUs (>= Broadwell)
    libva-intel-driver: backend for Intel GPUs (<= Haswell)
    libva-mesa-driver: backend for AMD and NVIDIA GPUs [installed]
installing gst-plugins-bad-libs...
installing gtk4...
Optional dependencies for gtk4
    evince: Default print preview command
    xdg-desktop-portal-gtk: Fallback portals for various APIs
installing gtk4-layer-shell...
installing libfyaml...
installing libxmlb...
installing appstream...
installing libadwaita...
installing libgee...
installing granite7...
installing swaync...
Optional dependencies for swaync
    gvfs: Get album art in MPRIS widget
:: Running post-transaction hooks...
(1/6) Reloading user manager configuration...
(2/6) Arming ConditionNeedsUpdate...
(3/6) Updating the appstream cache...
✔ Metadata cache was updated successfully.
(4/6) Compiling GSettings XML schema files...
(5/6) Updating icon theme caches...
(6/6) Updating the desktop file MIME type cache...
[0;32m[OK][0m Successfully installed 1 packages via pacman
[0;32m[OK][0m SwayNC packages installed
[0;34m[INFO][0m Applying SwayNC configuration...
[0;32m[OK][0m SwayNC configuration applied
[0;34m[INFO][0m Setting up SwayNC systemd user service...
[0;32m[OK][0m Created SwayNC systemd service
[0;35m[DEBUG][0m Reloaded systemd user daemon
Enable and start SwayNC service? [Y/n]: Created symlink '/home/exploiter/.config/systemd/user/graphical-session.target.wants/swaync.service' → '/home/exploiter/.config/systemd/user/swaync.service'.
Job for swaync.service failed because the control process exited with error code.
See "systemctl --user status swaync.service" and "journalctl --user -xeu swaync.service" for details.
Send test notification? [Y/n]: Unknown command: "--notification"
Usage:
  --notification <OPTION>
Help:
  -h, 	 --help 			 Show help options
  -v, 	 --version 			 Prints version
Options:
  -R, 	 --reload-config 		 Reload the config file
  -rs, 	 --reload-css 			 Reload the css file. Location change requires restart
  -t, 	 --toggle-panel 		 Toggle the notification panel
  -op, 	 --open-panel 			 Opens the notification panel
  -cp, 	 --close-panel 			 Closes the notification panel
  -d, 	 --toggle-dnd 			 Toggle and print the current dnd state
  -D, 	 --get-dnd 			 Print the current dnd state
  -dn, 	 --dnd-on 			 Turn dnd on and print the new dnd state
  -df, 	 --dnd-off 			 Turn dnd off and print the new dnd state
  -I, 	 --get-inhibited 		 Print if currently inhibited or not
  -In, 	 --get-num-inhibitors 		 Print number of inhibitors
  -Ia, 	 --inhibitor-add [APP_ID] 	 Add an inhibitor
  -Ir, 	 --inhibitor-remove [APP_ID] 	 Remove an inhibitor
  -Ic, 	 --inhibitors-clear 		 Clears all inhibitors
  -c, 	 --count 			 Print the current notification count
      	 --hide-latest 			 Hides latest notification. Still shown in Control Center
      	 --hide-all 			 Hides all notifications. Still shown in Control Center
      	 --close-latest 		 Closes latest notification
  -C, 	 --close-all 			 Closes all notifications
  -a, 	 --action [ACTION_INDEX]	 Invokes the action [ACTION_INDEX] of the latest notification
  -sw, 	 --skip-wait 			 Doesn't wait when swaync hasn't been started
  -s, 	 --subscribe 			 Subscribe to notification add and close events
  -swb,  --subscribe-waybar 		 Subscribe to notification add and close events with waybar support. Read README for example
      	 --change-cc-monitor 		 Changes the preferred control center monitor (resets on config reload)
      	 --change-noti-monitor 		 Changes the preferred notification monitor (resets on config reload)

Unknown command: "--text"
Usage:
  --text <OPTION>
Help:
  -h, 	 --help 			 Show help options
  -v, 	 --version 			 Prints version
Options:
  -R, 	 --reload-config 		 Reload the config file
  -rs, 	 --reload-css 			 Reload the css file. Location change requires restart
  -t, 	 --toggle-panel 		 Toggle the notification panel
  -op, 	 --open-panel 			 Opens the notification panel
  -cp, 	 --close-panel 			 Closes the notification panel
  -d, 	 --toggle-dnd 			 Toggle and print the current dnd state
  -D, 	 --get-dnd 			 Print the current dnd state
  -dn, 	 --dnd-on 			 Turn dnd on and print the new dnd state
  -df, 	 --dnd-off 			 Turn dnd off and print the new dnd state
  -I, 	 --get-inhibited 		 Print if currently inhibited or not
  -In, 	 --get-num-inhibitors 		 Print number of inhibitors
  -Ia, 	 --inhibitor-add [APP_ID] 	 Add an inhibitor
  -Ir, 	 --inhibitor-remove [APP_ID] 	 Remove an inhibitor
  -Ic, 	 --inhibitors-clear 		 Clears all inhibitors
  -c, 	 --count 			 Print the current notification count
      	 --hide-latest 			 Hides latest notification. Still shown in Control Center
      	 --hide-all 			 Hides all notifications. Still shown in Control Center
      	 --close-latest 		 Closes latest notification
  -C, 	 --close-all 			 Closes all notifications
  -a, 	 --action [ACTION_INDEX]	 Invokes the action [ACTION_INDEX] of the latest notification
  -sw, 	 --skip-wait 			 Doesn't wait when swaync hasn't been started
  -s, 	 --subscribe 			 Subscribe to notification add and close events
  -swb,  --subscribe-waybar 		 Subscribe to notification add and close events with waybar support. Read README for example
      	 --change-cc-monitor 		 Changes the preferred control center monitor (resets on config reload)
      	 --change-noti-monitor 		 Changes the preferred notification monitor (resets on config reload)

Unknown command: "SwayNC Test"
Usage:
  SwayNC Test <OPTION>
Help:
  -h, 	 --help 			 Show help options
  -v, 	 --version 			 Prints version
Options:
  -R, 	 --reload-config 		 Reload the config file
  -rs, 	 --reload-css 			 Reload the css file. Location change requires restart
  -t, 	 --toggle-panel 		 Toggle the notification panel
  -op, 	 --open-panel 			 Opens the notification panel
  -cp, 	 --close-panel 			 Closes the notification panel
  -d, 	 --toggle-dnd 			 Toggle and print the current dnd state
  -D, 	 --get-dnd 			 Print the current dnd state
  -dn, 	 --dnd-on 			 Turn dnd on and print the new dnd state
  -df, 	 --dnd-off 			 Turn dnd off and print the new dnd state
  -I, 	 --get-inhibited 		 Print if currently inhibited or not
  -In, 	 --get-num-inhibitors 		 Print number of inhibitors
  -Ia, 	 --inhibitor-add [APP_ID] 	 Add an inhibitor
  -Ir, 	 --inhibitor-remove [APP_ID] 	 Remove an inhibitor
  -Ic, 	 --inhibitors-clear 		 Clears all inhibitors
  -c, 	 --count 			 Print the current notification count
      	 --hide-latest 			 Hides latest notification. Still shown in Control Center
      	 --hide-all 			 Hides all notifications. Still shown in Control Center
      	 --close-latest 		 Closes latest notification
  -C, 	 --close-all 			 Closes all notifications
  -a, 	 --action [ACTION_INDEX]	 Invokes the action [ACTION_INDEX] of the latest notification
  -sw, 	 --skip-wait 			 Doesn't wait when swaync hasn't been started
  -s, 	 --subscribe 			 Subscribe to notification add and close events
  -swb,  --subscribe-waybar 		 Subscribe to notification add and close events with waybar support. Read README for example
      	 --change-cc-monitor 		 Changes the preferred control center monitor (resets on config reload)
      	 --change-noti-monitor 		 Changes the preferred notification monitor (resets on config reload)

Unknown command: "--summary"
Usage:
  --summary <OPTION>
Help:
  -h, 	 --help 			 Show help options
  -v, 	 --version 			 Prints version
Options:
  -R, 	 --reload-config 		 Reload the config file
  -rs, 	 --reload-css 			 Reload the css file. Location change requires restart
  -t, 	 --toggle-panel 		 Toggle the notification panel
  -op, 	 --open-panel 			 Opens the notification panel
  -cp, 	 --close-panel 			 Closes the notification panel
  -d, 	 --toggle-dnd 			 Toggle and print the current dnd state
  -D, 	 --get-dnd 			 Print the current dnd state
  -dn, 	 --dnd-on 			 Turn dnd on and print the new dnd state
  -df, 	 --dnd-off 			 Turn dnd off and print the new dnd state
  -I, 	 --get-inhibited 		 Print if currently inhibited or not
  -In, 	 --get-num-inhibitors 		 Print number of inhibitors
  -Ia, 	 --inhibitor-add [APP_ID] 	 Add an inhibitor
  -Ir, 	 --inhibitor-remove [APP_ID] 	 Remove an inhibitor
  -Ic, 	 --inhibitors-clear 		 Clears all inhibitors
  -c, 	 --count 			 Print the current notification count
      	 --hide-latest 			 Hides latest notification. Still shown in Control Center
      	 --hide-all 			 Hides all notifications. Still shown in Control Center
      	 --close-latest 		 Closes latest notification
  -C, 	 --close-all 			 Closes all notifications
  -a, 	 --action [ACTION_INDEX]	 Invokes the action [ACTION_INDEX] of the latest notification
  -sw, 	 --skip-wait 			 Doesn't wait when swaync hasn't been started
  -s, 	 --subscribe 			 Subscribe to notification add and close events
  -swb,  --subscribe-waybar 		 Subscribe to notification add and close events with waybar support. Read README for example
      	 --change-cc-monitor 		 Changes the preferred control center monitor (resets on config reload)
      	 --change-noti-monitor 		 Changes the preferred notification monitor (resets on config reload)

Unknown command: "Installation Complete"
Usage:
  Installation Complete <OPTION>
Help:
  -h, 	 --help 			 Show help options
  -v, 	 --version 			 Prints version
Options:
  -R, 	 --reload-config 		 Reload the config file
  -rs, 	 --reload-css 			 Reload the css file. Location change requires restart
  -t, 	 --toggle-panel 		 Toggle the notification panel
  -op, 	 --open-panel 			 Opens the notification panel
  -cp, 	 --close-panel 			 Closes the notification panel
  -d, 	 --toggle-dnd 			 Toggle and print the current dnd state
  -D, 	 --get-dnd 			 Print the current dnd state
  -dn, 	 --dnd-on 			 Turn dnd on and print the new dnd state
  -df, 	 --dnd-off 			 Turn dnd off and print the new dnd state
  -I, 	 --get-inhibited 		 Print if currently inhibited or not
  -In, 	 --get-num-inhibitors 		 Print number of inhibitors
  -Ia, 	 --inhibitor-add [APP_ID] 	 Add an inhibitor
  -Ir, 	 --inhibitor-remove [APP_ID] 	 Remove an inhibitor
  -Ic, 	 --inhibitors-clear 		 Clears all inhibitors
  -c, 	 --count 			 Print the current notification count
      	 --hide-latest 			 Hides latest notification. Still shown in Control Center
      	 --hide-all 			 Hides all notifications. Still shown in Control Center
      	 --close-latest 		 Closes latest notification
  -C, 	 --close-all 			 Closes all notifications
  -a, 	 --action [ACTION_INDEX]	 Invokes the action [ACTION_INDEX] of the latest notification
  -sw, 	 --skip-wait 			 Doesn't wait when swaync hasn't been started
  -s, 	 --subscribe 			 Subscribe to notification add and close events
  -swb,  --subscribe-waybar 		 Subscribe to notification add and close events with waybar support. Read README for example
      	 --change-cc-monitor 		 Changes the preferred control center monitor (resets on config reload)
      	 --change-noti-monitor 		 Changes the preferred notification monitor (resets on config reload)

Unknown command: "--timeout"
Usage:
  --timeout <OPTION>
Help:
  -h, 	 --help 			 Show help options
  -v, 	 --version 			 Prints version
Options:
  -R, 	 --reload-config 		 Reload the config file
  -rs, 	 --reload-css 			 Reload the css file. Location change requires restart
  -t, 	 --toggle-panel 		 Toggle the notification panel
  -op, 	 --open-panel 			 Opens the notification panel
  -cp, 	 --close-panel 			 Closes the notification panel
  -d, 	 --toggle-dnd 			 Toggle and print the current dnd state
  -D, 	 --get-dnd 			 Print the current dnd state
  -dn, 	 --dnd-on 			 Turn dnd on and print the new dnd state
  -df, 	 --dnd-off 			 Turn dnd off and print the new dnd state
  -I, 	 --get-inhibited 		 Print if currently inhibited or not
  -In, 	 --get-num-inhibitors 		 Print number of inhibitors
  -Ia, 	 --inhibitor-add [APP_ID] 	 Add an inhibitor
  -Ir, 	 --inhibitor-remove [APP_ID] 	 Remove an inhibitor
  -Ic, 	 --inhibitors-clear 		 Clears all inhibitors
  -c, 	 --count 			 Print the current notification count
      	 --hide-latest 			 Hides latest notification. Still shown in Control Center
      	 --hide-all 			 Hides all notifications. Still shown in Control Center
      	 --close-latest 		 Closes latest notification
  -C, 	 --close-all 			 Closes all notifications
  -a, 	 --action [ACTION_INDEX]	 Invokes the action [ACTION_INDEX] of the latest notification
  -sw, 	 --skip-wait 			 Doesn't wait when swaync hasn't been started
  -s, 	 --subscribe 			 Subscribe to notification add and close events
  -swb,  --subscribe-waybar 		 Subscribe to notification add and close events with waybar support. Read README for example
      	 --change-cc-monitor 		 Changes the preferred control center monitor (resets on config reload)
      	 --change-noti-monitor 		 Changes the preferred notification monitor (resets on config reload)

Unknown command: "3000"
Usage:
  3000 <OPTION>
Help:
  -h, 	 --help 			 Show help options
  -v, 	 --version 			 Prints version
Options:
  -R, 	 --reload-config 		 Reload the config file
  -rs, 	 --reload-css 			 Reload the css file. Location change requires restart
  -t, 	 --toggle-panel 		 Toggle the notification panel
  -op, 	 --open-panel 			 Opens the notification panel
  -cp, 	 --close-panel 			 Closes the notification panel
  -d, 	 --toggle-dnd 			 Toggle and print the current dnd state
  -D, 	 --get-dnd 			 Print the current dnd state
  -dn, 	 --dnd-on 			 Turn dnd on and print the new dnd state
  -df, 	 --dnd-off 			 Turn dnd off and print the new dnd state
  -I, 	 --get-inhibited 		 Print if currently inhibited or not
  -In, 	 --get-num-inhibitors 		 Print number of inhibitors
  -Ia, 	 --inhibitor-add [APP_ID] 	 Add an inhibitor
  -Ir, 	 --inhibitor-remove [APP_ID] 	 Remove an inhibitor
  -Ic, 	 --inhibitors-clear 		 Clears all inhibitors
  -c, 	 --count 			 Print the current notification count
      	 --hide-latest 			 Hides latest notification. Still shown in Control Center
      	 --hide-all 			 Hides all notifications. Still shown in Control Center
      	 --close-latest 		 Closes latest notification
  -C, 	 --close-all 			 Closes all notifications
  -a, 	 --action [ACTION_INDEX]	 Invokes the action [ACTION_INDEX] of the latest notification
  -sw, 	 --skip-wait 			 Doesn't wait when swaync hasn't been started
  -s, 	 --subscribe 			 Subscribe to notification add and close events
  -swb,  --subscribe-waybar 		 Subscribe to notification add and close events with waybar support. Read README for example
      	 --change-cc-monitor 		 Changes the preferred control center monitor (resets on config reload)
      	 --change-noti-monitor 		 Changes the preferred notification monitor (resets on config reload)
[0;32m[OK][0m SwayNC test notification sent
[0;34m[INFO][0m Validating SwayNC installation...
[0;32m[OK][0m SwayNC installation validation passed
[0;32m[OK][0m SwayNC installation complete

[0;36m============================================================[0m
[0;36m           Installing Tmux Terminal Multiplexer           [0m
[0;36m============================================================[0m

[0;34m[INFO][0m Installing Tmux packages for arch...
[0;34m[INFO][0m Installing 1 packages: tmux
resolving dependencies...
looking for conflicting packages...

Packages (2) libutempter-1.2.3-1  tmux-3.5_a-1

Total Download Size:   0.45 MiB
Total Installed Size:  1.06 MiB

:: Proceed with installation? [Y/n] 
:: Retrieving packages...
 tmux-3.5_a-1-x86_64 downloading...
 libutempter-1.2.3-1-x86_64 downloading...
checking keyring...
checking package integrity...
loading package files...
checking for file conflicts...
checking available disk space...
:: Processing package changes...
installing libutempter...
installing tmux...
:: Running post-transaction hooks...
(1/2) Creating temporary files...
(2/2) Arming ConditionNeedsUpdate...
[0;32m[OK][0m Successfully installed 1 packages via pacman
[0;32m[OK][0m Tmux packages installed successfully
[0;34m[INFO][0m Installing TPM (Tmux Plugin Manager)...
[0;34m[INFO][0m Cloning TPM repository...
[0;32m[OK][0m TPM installed successfully
[0;34m[INFO][0m Applying Tmux configuration...
[0;32m[OK][0m Tmux configuration applied
[0;34m[INFO][0m Installing Tmux plugins...
[0;32m[OK][0m Tmux plugins installed
[0;34m[INFO][0m Validating Tmux installation...
[0;35m[DEBUG][0m TPM (Tmux Plugin Manager) is installed
[0;32m[OK][0m Tmux validation passed
Run Tmux test? [Y/n]: [0;34m[INFO][0m Testing Tmux functionality...
[0;32m[OK][0m Tmux test passed
Enable Tmux autostart? [y/N]: [0;32m[OK][0m Tmux installation and configuration complete
[0;34m[INFO][0m Use Prefix + I to reload plugins inside tmux

[0;36m============================================================[0m
[0;36m               Installing Waybar Status Bar               [0m
[0;36m============================================================[0m

[0;34m[INFO][0m Installing Waybar packages for arch...
[0;34m[INFO][0m Installing 4 packages: ttf-font-awesome waybar playerctl pavucontrol
resolving dependencies...
:: There are 2 providers available for jack:
:: Repository extra
   1) jack2  2) pipewire-jack

Enter a number (default=1): 
looking for conflicting packages...

Packages (37) atkmm-2.28.4-1  cairomm-1.14.5-1  cairomm-1.16-1.18.0-2  fmt-12.0.0-1  glibmm-2.66.8-1  glibmm-2.68-2.86.0-1  gpsd-3.26.1-2  gtk-layer-shell-0.9.2-1  gtkmm-4.0-4.20.0-1  gtkmm3-3.24.10-1  jack2-1.9.22-1  libbsd-0.12.2-2  libcanberra-1:0.30+r2+gc0620e4-4  libdbusmenu-glib-16.04.0.r498-2  libdbusmenu-gtk3-16.04.0.r498-2  libimobiledevice-1.4.0-1  libimobiledevice-glue-1.3.2-1  libmd-1.1.0-2  libmpdclient-2.23-1  libplist-2.7.0-1  libsamplerate-0.2.2-3  libsigc++-2.12.1-1  libsigc++-3.0-3.6.0-1  libtatsu-1.0.5-1  libusbmuxd-2.1.1-1  pangomm-2.46.4-1  pangomm-2.48-2.56.1-1  pps-tools-1.0.3-2  sndio-1.10.0-1  sound-theme-freedesktop-0.8-6  spdlog-1.16.0-1  tdb-1.4.14-1  upower-1.90.10-1  pavucontrol-1:6.2-1  playerctl-2.4.1-4  waybar-0.14.0-3  woff2-font-awesome-7.1.0-1

Total Download Size:   12.22 MiB
Total Installed Size:  60.30 MiB

:: Proceed with installation? [Y/n] 
:: Retrieving packages...
 gtkmm-4.0-4.20.0-1-x86_64 downloading...
 gtkmm3-3.24.10-1-x86_64 downloading...
 libsamplerate-0.2.2-3-x86_64 downloading...
 gpsd-3.26.1-2-x86_64 downloading...
 glibmm-2.68-2.86.0-1-x86_64 downloading...
 glibmm-2.66.8-1-x86_64 downloading...
 waybar-0.14.0-3-x86_64 downloading...
 libimobiledevice-1.4.0-1-x86_64 downloading...
 jack2-1.9.22-1-x86_64 downloading...
 sound-theme-freedesktop-0.8-6-any downloading...
 woff2-font-awesome-7.1.0-1-any downloading...
 pavucontrol-1:6.2-1-x86_64 downloading...
 fmt-12.0.0-1-x86_64 downloading...
 libplist-2.7.0-1-x86_64 downloading...
 libbsd-0.12.2-2-x86_64 downloading...
 spdlog-1.16.0-1-x86_64 downloading...
 upower-1.90.10-1-x86_64 downloading...
 sndio-1.10.0-1-x86_64 downloading...
 pangomm-2.48-2.56.1-1-x86_64 downloading...
 atkmm-2.28.4-1-x86_64 downloading...
 pangomm-2.46.4-1-x86_64 downloading...
 cairomm-1.16-1.18.0-2-x86_64 downloading...
 cairomm-1.14.5-1-x86_64 downloading...
 libcanberra-1:0.30+r2+gc0620e4-4-x86_64 downloading...
 libmpdclient-2.23-1-x86_64 downloading...
 playerctl-2.4.1-4-x86_64 downloading...
 gtk-layer-shell-0.9.2-1-x86_64 downloading...
 tdb-1.4.14-1-x86_64 downloading...
 libsigc++-2.12.1-1-x86_64 downloading...
 libsigc++-3.0-3.6.0-1-x86_64 downloading...
 libmd-1.1.0-2-x86_64 downloading...
 libimobiledevice-glue-1.3.2-1-x86_64 downloading...
 libusbmuxd-2.1.1-1-x86_64 downloading...
 libtatsu-1.0.5-1-x86_64 downloading...
 pps-tools-1.0.3-2-x86_64 downloading...
checking keyring...
checking package integrity...
loading package files...
checking for file conflicts...
checking available disk space...
:: Processing package changes...
installing woff2-font-awesome...

:: Starting from version 7.0.0, the Font Awesome upstream no longer includes '.ttf' webfonts
   and instead provides them in '.woff2' format, which is now the standard for webfont delivery.

   The 'ttf-font-awesome' package has therefore been replaced by the 'woff2-font-awesome' one.

   If your project(s) or configuration(s) still depend on '.ttf' files, please update
   them to use the '.woff2' format instead.

   See https://fontawesome.com/changelog for more details.

installing libsigc++...
installing glibmm...
installing atkmm...
installing cairomm...
installing fmt...
installing pps-tools...
installing gpsd...
Optional dependencies for gpsd
    gtk3: GUI frontends [installed]
    php: generate a PHP status page for your GPS
    php-gd: image support for the PHP status page
    python-cairo: GUI frontends
    python-gobject: GUI frontends [installed]
    python-pyserial: GUI frontends
    qt5-base: for Qgpsmm [installed]
installing gtk-layer-shell...
installing pangomm...
installing gtkmm3...
installing libsamplerate...
installing jack2...
Optional dependencies for jack2
    a2jmidid: for ALSA MIDI to JACK MIDI bridging
    libffado: for firewire support using FFADO
    jack-example-tools: for official JACK example-clients and tools
    jack2-dbus: for dbus integration
    jack2-docs: for developer documentation
    realtime-privileges: for realtime privileges
installing libdbusmenu-glib...
installing libdbusmenu-gtk3...
installing libmpdclient...
installing playerctl...
installing libmd...
installing libbsd...
installing sndio...
installing spdlog...
installing libplist...
Optional dependencies for libplist
    python: Python bindings [installed]
installing libimobiledevice-glue...
installing libtatsu...
installing libusbmuxd...
installing libimobiledevice...
Optional dependencies for libimobiledevice
    python: Python bindings [installed]
installing upower...
Optional dependencies for upower
    usbmuxd: Read charge status of iOS devices
installing waybar...
Optional dependencies for waybar
    otf-font-awesome: Icons in the default configuration
installing libsigc++-3.0...
installing glibmm-2.68...
installing cairomm-1.16...
installing pangomm-2.48...
installing gtkmm-4.0...
installing tdb...
Optional dependencies for tdb
    python: for python bindings [installed]
installing sound-theme-freedesktop...
installing libcanberra...
Optional dependencies for libcanberra
    gtk3: canberra-gtk-play [installed]
installing pavucontrol...
:: Running post-transaction hooks...
(1/9) Reloading system manager configuration...
(2/9) Reloading user manager configuration...
(3/9) Updating udev hardware database...
(4/9) Reloading device manager configuration...
(5/9) Arming ConditionNeedsUpdate...
(6/9) Reloading system bus configuration...
(7/9) Updating fontconfig cache...
(8/9) Updating icon theme caches...
(9/9) Updating the desktop file MIME type cache...
[0;32m[OK][0m Successfully installed 4 packages via pacman
[0;32m[OK][0m Waybar packages installed
[0;34m[INFO][0m Applying Waybar configuration...
[0;35m[DEBUG][0m Found Catppuccin Mocha theme
[1;33m[WARN][0m Waybar config may have syntax issues
[0;32m[OK][0m Waybar configuration applied
Setup Waybar systemd service? [Y/n]: [0;34m[INFO][0m Setting up Waybar systemd user service...
[0;32m[OK][0m Created Waybar systemd service
[0;35m[DEBUG][0m Reloaded systemd user daemon
Enable and start Waybar service? [Y/n]: Created symlink '/home/exploiter/.config/systemd/user/graphical-session.target.wants/waybar.service' → '/home/exploiter/.config/systemd/user/waybar.service'.
[0;32m[OK][0m Waybar service enabled and started
[0;32m[OK][0m Waybar validation passed
[0;32m[OK][0m Waybar configuration completed

[0;36m============================================================[0m
[0;36m           Installing Wofi Application Launcher           [0m
[0;36m============================================================[0m

[0;34m[INFO][0m Installing Wofi packages for arch...
[0;35m[DEBUG][0m Package already installed: gtk3
[0;34m[INFO][0m Installing 2 packages: wofi wtype
resolving dependencies...
looking for conflicting packages...

Packages (2) wofi-1.5.1-1  wtype-0.4-2

Total Download Size:   0.07 MiB
Total Installed Size:  0.15 MiB

:: Proceed with installation? [Y/n] 
:: Retrieving packages...
 wofi-1.5.1-1-x86_64 downloading...
 wtype-0.4-2-x86_64 downloading...
checking keyring...
checking package integrity...
loading package files...
checking for file conflicts...
checking available disk space...
:: Processing package changes...
installing wofi...
installing wtype...
:: Running post-transaction hooks...
(1/1) Arming ConditionNeedsUpdate...
[0;32m[OK][0m Successfully installed 2 packages via pacman
[0;32m[OK][0m Wofi packages installed
[0;34m[INFO][0m Applying Wofi configuration...
[0;32m[OK][0m Wofi configuration applied
Create Wofi helper scripts? [y/N]: [0;35m[DEBUG][0m Wofi basic functionality OK
[0;35m[DEBUG][0m Style readable
[1;33m[WARN][0m Missing script: wofi-launcher
[1;33m[WARN][0m Missing script: wofi-run
[1;33m[WARN][0m Missing script: wofi-window
[0;32m[OK][0m Wofi validation passed
[0;32m[OK][0m Wofi installation complete. Use 'wofi-launcher' or configure keybindings.

[0;36m============================================================[0m
[0;36m           Installing and Configuring Zsh Shell           [0m
[0;36m============================================================[0m

[0;34m[INFO][0m Installing Zsh for arch...
[0;34m[INFO][0m Installing 6 packages: zsh zsh-completions fzf eza exa zoxide
resolving dependencies...
looking for conflicting packages...

Packages (7) libgit2-1:1.9.1-1  llhttp-9.2.1-2  eza-0.23.4-1  fzf-0.66.0-1  zoxide-0.9.8-2  zsh-5.9-5  zsh-completions-0.35.0-3

Total Download Size:    5.06 MiB
Total Installed Size:  18.24 MiB

:: Proceed with installation? [Y/n] 
:: Retrieving packages...
 zsh-5.9-5-x86_64 downloading...
 fzf-0.66.0-1-x86_64 downloading...
 eza-0.23.4-1-x86_64 downloading...
 zoxide-0.9.8-2-x86_64 downloading...
 zsh-completions-0.35.0-3-any downloading...
 llhttp-9.2.1-2-x86_64 downloading...
checking keyring...
checking package integrity...
loading package files...
checking for file conflicts...
checking available disk space...
:: Processing package changes...
installing zsh...
installing zsh-completions...
installing fzf...
Optional dependencies for fzf
    fish: fish keybindings
    tmux: fzf-tmux script for launching fzf in a tmux pane [installed]
    vim: plugin [installed]
    zsh: zsh keybindings [installed]
installing llhttp...
installing libgit2...
installing eza...
installing zoxide...
Optional dependencies for zoxide
    fzf: for interactive selection [installed]
:: Running post-transaction hooks...
(1/2) Arming ConditionNeedsUpdate...
(2/2) Updating Vim help tags...
[0;32m[OK][0m Successfully installed 6 packages via pacman
[0;32m[OK][0m Zsh packages installed for arch
[0;34m[INFO][0m Installing Zinit plugin manager...
[0;32m[OK][0m Zinit installed
[0;34m[INFO][0m Applying Zsh configuration...
[0;32m[OK][0m Zsh configuration applied
[0;34m[INFO][0m Validating Zsh installation...
[0;32m[OK][0m Zsh validation complete
Set Zsh as default shell? [y/N]: [0;34m[INFO][0m Setting Zsh as default shell...
[0;34m[INFO][0m Changing default shell to Zsh...
Password: 
Changing shell for exploiter.
Shell changed.
[0;32m[OK][0m Zsh set as default shell (will take effect on next login)
Initialize Zsh plugins now? [Y/n]: [0;34m[INFO][0m Initializing Zsh plugins...
[0;32m[OK][0m Plugin initialization done
[0;32m[OK][0m Zsh setup complete — restart shell to apply
[0;34m[INFO][0m Configuring Arch Linux services...
[0;31m[ERROR][0m Service not available: xdg-desktop-portal
[0;31m[ERROR][0m Service not available: xdg-desktop-portal-hyprland
[0;31m[ERROR][0m Service not available: xdg-desktop-portal-gtk
[0;34m[INFO][0m Adding user exploiter to groups: video input render
[0;34m[INFO][0m Note: Group changes will take effect after logging out and back in
Created symlink '/etc/systemd/system/dbus-org.freedesktop.timesync1.service' → '/usr/lib/systemd/system/systemd-timesyncd.service'.
Created symlink '/etc/systemd/system/sysinit.target.wants/systemd-timesyncd.service' → '/usr/lib/systemd/system/systemd-timesyncd.service'.
[0;32m[OK][0m Service systemd-timesyncd enabled
[0;34m[INFO][0m Service NetworkManager is already enabled
[0;34m[INFO][0m Service bluetooth is already enabled
Created symlink '/etc/systemd/system/multi-user.target.wants/sshd.service' → '/usr/lib/systemd/system/sshd.service'.
[0;32m[OK][0m Service sshd enabled
[0;31m[ERROR][0m Service not available: pipewire
[0;31m[ERROR][0m Service not available: pipewire-pulse
[0;31m[ERROR][0m Service not available: wireplumber
[0;31m[ERROR][0m Service not available: pulseaudio
[0;34m[INFO][0m Adding user exploiter to groups: audio
[0;34m[INFO][0m Note: Group changes will take effect after logging out and back in
[0;34m[INFO][0m Enabling GDM display manager for Hyprland
[0;31m[ERROR][0m Service not available: gdm
[0;34m[INFO][0m GDM not installed. You can start Hyprland directly from TTY.
[0;32m[OK][0m Installation process completed successfully! ✓

[0;36m============================================================[0m
[0;36m                   INSTALLATION SUMMARY                   [0m
[0;36m============================================================[0m

Installed components:
  ✓ alacritty
  ✓ hyprland
  ✓ kitty
  ✓ neovim
  ✓ starship
  ✓ swaync
  ✓ tmux
  ✓ waybar
  ✓ wofi
  ✓ zsh

System information:
install.sh: line 381:   Distribution: ${(get_distro)^} ($(get_distro_version)): bad substitution
[0;34m[INFO][0m Log saved: /tmp/modular-install-20251022-001958.log
